"STATION","NAME","DATE","PRCP","SNOW","SNWD","TMAX","TMIN","TOBS","WT01"
"USC00311677","CHAPEL HILL 2 W, NC US","2015-01-01","0.00","0.0","0.0","45","22","23",
"USC00311677","CHAPEL HILL 2 W, NC US","2015-01-02","0.00",,,"51","23","41",
"USC00311677","CHAPEL HILL 2 W, NC US","2015-01-03","0.16",,,"53","40","44",
"USC00311677","CHAPEL HILL 2 W, NC US","2015-01-04","0.15",,,"59","44","58",
"USC00311677","CHAPEL HILL 2 W, NC US","2015-01-05","0.07",,,"66","39","39",
"USC00311677","CHAPEL HILL 2 W, NC US","2015-01-06","0.00",,,"51","25","25",
"USC00311677","CHAPEL HILL 2 W, NC US","2015-01-07","0.00",,,"53","25","30",
"USC00311677","CHAPEL HILL 2 W, NC US","2015-01-08","0.00",,,"38","9","9",
"USC00311677","CHAPEL HILL 2 W, NC US","2015-01-09","0.00",,,"28","9","28",
"USC00311677","CHAPEL HILL 2 W, NC US","2015-01-10","0.00",,,"45","23","23",
"USC00311677","CHAPEL HILL 2 W, NC US","2015-01-11","0.00",,,"39","14","15",
"USC00311677","CHAPEL HILL 2 W, NC US","2015-01-12","0.67",,,"47","15","36",
"USC00311677","CHAPEL HILL 2 W, NC US","2015-01-13","0.82",,,"45","36","38",
"USC00311677","CHAPEL HILL 2 W, NC US","2015-01-14","0.03","0.0","0.0","39","27","27",
"USC00311677","CHAPEL HILL 2 W, NC US","2015-01-15","0.10",,,"32","26","30",
"USC00311677","CHAPEL HILL 2 W, NC US","2015-01-16","0.00",,,"42","30","31",
"USC00311677","CHAPEL HILL 2 W, NC US","2015-01-17","0.00",,,"53","27","32",
"USC00311677","CHAPEL HILL 2 W, NC US","2015-01-18","0.29",,,"51","32","41",
"USC00311677","CHAPEL HILL 2 W, NC US","2015-01-19","0.02",,,"58","32","35",
"USC00311677","CHAPEL HILL 2 W, NC US","2015-01-20","0.00",,,"62","35","38",
"USC00311677","CHAPEL HILL 2 W, NC US","2015-01-21","0.00",,,"68","37","39",
"USC00311677","CHAPEL HILL 2 W, NC US","2015-01-22","0.00",,,"56","29","30",
"USC00311677","CHAPEL HILL 2 W, NC US","2015-01-23","0.00",,,"58","30","37",
"USC00311677","CHAPEL HILL 2 W, NC US","2015-01-26","0.05",,,"55","29","38",
"USC00311677","CHAPEL HILL 2 W, NC US","2015-01-27","0.07",,,"48","31","31",
"USC00311677","CHAPEL HILL 2 W, NC US","2015-01-28","0.00",,,"45","26","26",
"USC00311677","CHAPEL HILL 2 W, NC US","2015-01-29","0.00",,,"46","22","22",
"USC00311677","CHAPEL HILL 2 W, NC US","2015-01-30","0.01",,,"46","21","40",
"USC00311677","CHAPEL HILL 2 W, NC US","2015-01-31","0.00",,,"47","21","22",
"USC00311677","CHAPEL HILL 2 W, NC US","2015-02-01","0.00",,,"48","22","34",
"USC00311677","CHAPEL HILL 2 W, NC US","2015-02-02","0.31","0.0","0.0","56","33","54",
"USC00311677","CHAPEL HILL 2 W, NC US","2015-02-03","0.04","0.0","0.0","61","21","22",
"USC00311677","CHAPEL HILL 2 W, NC US","2015-02-04","0.00",,,"46","22","24",
"USC00311677","CHAPEL HILL 2 W, NC US","2015-02-05","0.00",,,"54","24","43",
"USC00311677","CHAPEL HILL 2 W, NC US","2015-02-06","0.00",,,"48","16","16",
"USC00311677","CHAPEL HILL 2 W, NC US","2015-02-07","0.00",,,"43","16","24",
"USC00311677","CHAPEL HILL 2 W, NC US","2015-02-08","0.00",,,"59","24","40",
"USC00311677","CHAPEL HILL 2 W, NC US","2015-02-09","0.00",,,"72","40","45",
"USC00311677","CHAPEL HILL 2 W, NC US","2015-02-10","1.10",,,"63","35","35",
"USC00311677","CHAPEL HILL 2 W, NC US","2015-02-11","0.03","0.0","0.0","44","31","32",
"USC00311677","CHAPEL HILL 2 W, NC US","2015-02-12","0.00","0.0","0.0","52","28","28",
"USC00311677","CHAPEL HILL 2 W, NC US","2015-02-13","0.00","0.0","0.0","53","22","23",
"USC00311677","CHAPEL HILL 2 W, NC US","2015-02-14","0.00",,,"35","20","22",
"USC00311677","CHAPEL HILL 2 W, NC US","2015-02-15","0.00",,,"53","14","15",
"USC00311677","CHAPEL HILL 2 W, NC US","2015-02-16","0.00",,,"29","15","20",
"USC00311677","CHAPEL HILL 2 W, NC US","2015-02-17","0.53",,,"26","18","19",
"USC00311677","CHAPEL HILL 2 W, NC US","2015-02-18","0.00",,,"36","18","19",
"USC00311677","CHAPEL HILL 2 W, NC US","2015-02-19","0.02",,,"38","12","13",
"USC00311677","CHAPEL HILL 2 W, NC US","2015-02-20","0.00","0.0","0.0","21","5","6",
"USC00311677","CHAPEL HILL 2 W, NC US","2015-02-21","0.00","0.0","0.0","26","6","21",
"USC00311677","CHAPEL HILL 2 W, NC US","2015-02-22","0.20","0.0","0.0","35","21","35",
"USC00311677","CHAPEL HILL 2 W, NC US","2015-02-23","0.02",,,"54","35","40",
"USC00311677","CHAPEL HILL 2 W, NC US","2015-02-24","0.01",,,"44","21","21",
"USC00311677","CHAPEL HILL 2 W, NC US","2015-02-26","0.90","4.0",,"45","22","30",
"USC00311677","CHAPEL HILL 2 W, NC US","2015-02-27","0.00",,,"35","23","24",
"USC00311677","CHAPEL HILL 2 W, NC US","2015-02-28","0.00",,,"45","24","25",
"USC00311677","CHAPEL HILL 2 W, NC US","2015-03-01","0.02",,,"37","25","28",
"USC00311677","CHAPEL HILL 2 W, NC US","2015-03-02","0.65",,,"36","28","36",
"USC00311677","CHAPEL HILL 2 W, NC US","2015-03-03","0.00",,,"59","36","38",
"USC00311677","CHAPEL HILL 2 W, NC US","2015-03-04","0.11","0.0","0.0","47","34","47",
"USC00311677","CHAPEL HILL 2 W, NC US","2015-03-05","0.05","0.0","0.0","75","47","56",
"USC00311677","CHAPEL HILL 2 W, NC US","2015-03-06","1.00",,,"56","23","23",
"USC00311677","CHAPEL HILL 2 W, NC US","2015-03-07","0.00",,,"38","19","24",
"USC00311677","CHAPEL HILL 2 W, NC US","2015-03-08","0.00",,,"57","24","34",
"USC00311677","CHAPEL HILL 2 W, NC US","2015-03-09","0.00","0.0","0.0","71","34","53",
"USC00311677","CHAPEL HILL 2 W, NC US","2015-03-10","0.00","0.0","0.0","63","49","50",
"USC00311677","CHAPEL HILL 2 W, NC US","2015-03-11","0.00",,,"73","50","60",
"USC00311677","CHAPEL HILL 2 W, NC US","2015-03-12","0.02",,,"76","50","50",
"USC00311677","CHAPEL HILL 2 W, NC US","2015-03-13","0.00",,,"65","44","44",
"USC00311677","CHAPEL HILL 2 W, NC US","2015-03-14","0.03",,,"51","43","43",
"USC00311677","CHAPEL HILL 2 W, NC US","2015-03-15","0.15",,,"59","43","47",
"USC00311677","CHAPEL HILL 2 W, NC US","2015-03-16","0.00","0.0","0.0","74","42","43",
"USC00311677","CHAPEL HILL 2 W, NC US","2015-03-17","0.00",,,"80","43","52",
"USC00311677","CHAPEL HILL 2 W, NC US","2015-03-18","0.00",,,"82","41","41",
"USC00311677","CHAPEL HILL 2 W, NC US","2015-03-19","0.00",,,"60","41","47",
"USC00311677","CHAPEL HILL 2 W, NC US","2015-03-20","0.74",,,"51","38","39",
"USC00311677","CHAPEL HILL 2 W, NC US","2015-03-21","0.00",,,"49","38","39",
"USC00311677","CHAPEL HILL 2 W, NC US","2015-03-22","0.00",,,"65","39","47",
"USC00311677","CHAPEL HILL 2 W, NC US","2015-03-23","0.01","0.0","0.0","67","47","47",
"USC00311677","CHAPEL HILL 2 W, NC US","2015-03-24","0.00",,,"58","39","39",
"USC00311677","CHAPEL HILL 2 W, NC US","2015-03-25","0.00",,,"65","38","46",
"USC00311677","CHAPEL HILL 2 W, NC US","2015-03-26","0.35",,,"64","46","62",
"USC00311677","CHAPEL HILL 2 W, NC US","2015-03-27","0.00",,,"74","54","54",
"USC00311677","CHAPEL HILL 2 W, NC US","2015-03-28","0.20",,,"54","33","34",
"USC00311677","CHAPEL HILL 2 W, NC US","2015-03-29","0.00",,,"46","22","23",
"USC00311677","CHAPEL HILL 2 W, NC US","2015-03-30","0.00",,,"52","23","41",
"USC00311677","CHAPEL HILL 2 W, NC US","2015-03-31","0.15",,,"68","34","35",
"USC00311677","CHAPEL HILL 2 W, NC US","2015-04-01","0.00",,,"74","35","51",
"USC00311677","CHAPEL HILL 2 W, NC US","2015-04-02","0.00",,,"66","40","40",
"USC00311677","CHAPEL HILL 2 W, NC US","2015-04-03","0.00","0.0","0.0","74","40","62",
"USC00311677","CHAPEL HILL 2 W, NC US","2015-04-04","0.00","0.0","0.0","82","62","62",
"USC00311677","CHAPEL HILL 2 W, NC US","2015-04-05","0.00","0.0","0.0","66","33","34",
"USC00311677","CHAPEL HILL 2 W, NC US","2015-04-06","0.00",,,"67","34","50",
"USC00311677","CHAPEL HILL 2 W, NC US","2015-04-07","0.03",,,"75","49","59",
"USC00311677","CHAPEL HILL 2 W, NC US","2015-04-08","0.10","0.0","0.0","71","59","63",
"USC00311677","CHAPEL HILL 2 W, NC US","2015-04-09","0.40","0.0","0.0","84","57","57",
"USC00311677","CHAPEL HILL 2 W, NC US","2015-04-10","0.61",,,"78","56","65",
"USC00311677","CHAPEL HILL 2 W, NC US","2015-04-12","0.00",,,"76","48","48",
"USC00311677","CHAPEL HILL 2 W, NC US","2015-04-13","0.00","0.0","0.0","72","48","51",
"USC00311677","CHAPEL HILL 2 W, NC US","2015-04-14","0.00","0.0","0.0","77","51","64",
"USC00311677","CHAPEL HILL 2 W, NC US","2015-04-15","0.78",,,"77","54","54",
"USC00311677","CHAPEL HILL 2 W, NC US","2015-04-16","0.42",,,"58","47","47",
"USC00311677","CHAPEL HILL 2 W, NC US","2015-04-17","0.18",,,"63","47","59",
"USC00311677","CHAPEL HILL 2 W, NC US","2015-04-18","0.02",,,"77","59","62",
"USC00311677","CHAPEL HILL 2 W, NC US","2015-04-19","0.00",,,"80","61","64",
"USC00311677","CHAPEL HILL 2 W, NC US","2015-04-20","1.57","0.0","0.0","71","62","63",
"USC00311677","CHAPEL HILL 2 W, NC US","2015-04-21","0.73","0.0","0.0","78","50","55",
"USC00311677","CHAPEL HILL 2 W, NC US","2015-04-22","0.01",,,"71","43","44",
"USC00311677","CHAPEL HILL 2 W, NC US","2015-04-23","0.00",,,"77","44","51",
"USC00311677","CHAPEL HILL 2 W, NC US","2015-04-24","0.00",,,"69","39","44",
"USC00311677","CHAPEL HILL 2 W, NC US","2015-04-25","0.00",,,"67","43","49",
"USC00311677","CHAPEL HILL 2 W, NC US","2015-04-26","0.33",,,"55","44","45",
"USC00311677","CHAPEL HILL 2 W, NC US","2015-04-27","0.02","0.0","0.0","52","40","45",
"USC00311677","CHAPEL HILL 2 W, NC US","2015-04-28","0.00",,,"68","40","44",
"USC00311677","CHAPEL HILL 2 W, NC US","2015-04-29","0.00",,,"68","43","44",
"USC00311677","CHAPEL HILL 2 W, NC US","2015-04-30","0.01",,,"70","44","53",
"USC00311677","CHAPEL HILL 2 W, NC US","2015-05-02","0.06",,,"62","47","47",
"USC00311677","CHAPEL HILL 2 W, NC US","2015-05-03","0.00","0.0","0.0","72","45","50",
"USC00311677","CHAPEL HILL 2 W, NC US","2015-05-04","0.00",,,"80","50","55",
"USC00311677","CHAPEL HILL 2 W, NC US","2015-05-05","0.00",,,"83","55","57",
"USC00311677","CHAPEL HILL 2 W, NC US","2015-05-06","0.00",,,"82","54","54",
"USC00311677","CHAPEL HILL 2 W, NC US","2015-05-07","0.00",,,"82","54","58",
"USC00311677","CHAPEL HILL 2 W, NC US","2015-05-08","0.00","0.0","0.0","81","57","61",
"USC00311677","CHAPEL HILL 2 W, NC US","2015-05-09","0.00","0.0","0.0","81","61","65",
"USC00311677","CHAPEL HILL 2 W, NC US","2015-05-10","0.02","0.0","0.0","82","65","68",
"USC00311677","CHAPEL HILL 2 W, NC US","2015-05-11","0.20","0.0","0.0","76","67","67",
"USC00311677","CHAPEL HILL 2 W, NC US","2015-05-12","0.05","0.0","0.0","87","67","68",
"USC00311677","CHAPEL HILL 2 W, NC US","2015-05-13","0.00","0.0","0.0","86","64","64",
"USC00311677","CHAPEL HILL 2 W, NC US","2015-05-14","0.00","0.0","0.0","78","55","55",
"USC00311677","CHAPEL HILL 2 W, NC US","2015-05-15","0.00",,,"72","55","59",
"USC00311677","CHAPEL HILL 2 W, NC US","2015-05-16","0.00",,,"76","59","62",
"USC00311677","CHAPEL HILL 2 W, NC US","2015-05-17","0.00",,,"85","62","64",
"USC00311677","CHAPEL HILL 2 W, NC US","2015-05-18","0.00",,,"86","64","69",
"USC00311677","CHAPEL HILL 2 W, NC US","2015-05-19","0.00",,,"89","69","71",
"USC00311677","CHAPEL HILL 2 W, NC US","2015-05-20","0.04",,,"87","61","62",
"USC00311677","CHAPEL HILL 2 W, NC US","2015-05-21","0.02",,,"88","62","64",
"USC00311677","CHAPEL HILL 2 W, NC US","2015-05-22","0.27","0.0","0.0","66","56","56",
"USC00311677","CHAPEL HILL 2 W, NC US","2015-05-23","0.00","0.0","0.0","74","49","52",
"USC00311677","CHAPEL HILL 2 W, NC US","2015-05-24","0.00","0.0","0.0","78","52","56",
"USC00311677","CHAPEL HILL 2 W, NC US","2015-05-25","0.00",,,"81","56","60",
"USC00311677","CHAPEL HILL 2 W, NC US","2015-05-26","0.00",,,"84","60","65",
"USC00311677","CHAPEL HILL 2 W, NC US","2015-05-27","0.00","0.0","0.0","87","65","70",
"USC00311677","CHAPEL HILL 2 W, NC US","2015-05-28","0.10","0.0","0.0","85","66","67",
"USC00311677","CHAPEL HILL 2 W, NC US","2015-05-29","0.01",,,"87","66","67",
"USC00311677","CHAPEL HILL 2 W, NC US","2015-05-30","0.00",,,"87","65","67",
"USC00311677","CHAPEL HILL 2 W, NC US","2015-05-31","0.00",,,"87","67","68",
"USC00311677","CHAPEL HILL 2 W, NC US","2015-06-01","0.00","0.0","0.0","88","68","70",
"USC00311677","CHAPEL HILL 2 W, NC US","2015-06-02","0.04","0.0","0.0","89","66","67",
"USC00311677","CHAPEL HILL 2 W, NC US","2015-06-03","0.11",,,"81","62","62",
"USC00311677","CHAPEL HILL 2 W, NC US","2015-06-04","0.01",,,"66","60","60",
"USC00311677","CHAPEL HILL 2 W, NC US","2015-06-05","0.01",,,"66","60","60",
"USC00311677","CHAPEL HILL 2 W, NC US","2015-06-06","0.00",,,"79","60","62",
"USC00311677","CHAPEL HILL 2 W, NC US","2015-06-07","0.00",,,"87","62","64",
"USC00311677","CHAPEL HILL 2 W, NC US","2015-06-08","0.00","0.0","0.0","84","64","69",
"USC00311677","CHAPEL HILL 2 W, NC US","2015-06-09","0.80","0.0","0.0","87","66","68",
"USC00311677","CHAPEL HILL 2 W, NC US","2015-06-10","0.00",,,"88","67","71",
"USC00311677","CHAPEL HILL 2 W, NC US","2015-06-11","0.00",,,"89","69","72",
"USC00311677","CHAPEL HILL 2 W, NC US","2015-06-12","0.00",,,"91","71","73",
"USC00311677","CHAPEL HILL 2 W, NC US","2015-06-13","0.00",,,"90","73","76",
"USC00311677","CHAPEL HILL 2 W, NC US","2015-06-14","0.00",,,"93","72","77",
"USC00311677","CHAPEL HILL 2 W, NC US","2015-06-15","0.00",,,"94","72","73",
"USC00311677","CHAPEL HILL 2 W, NC US","2015-06-16","0.00",,,"97","73","74",
"USC00311677","CHAPEL HILL 2 W, NC US","2015-06-17","0.00",,,"98","73","77",
"USC00311677","CHAPEL HILL 2 W, NC US","2015-06-18","0.17",,,"95","71","72",
"USC00311677","CHAPEL HILL 2 W, NC US","2015-06-19","2.15",,,"97","69","75",
"USC00311677","CHAPEL HILL 2 W, NC US","2015-06-20","0.01","0.0","0.0","92","70","73",
"USC00311677","CHAPEL HILL 2 W, NC US","2015-06-21","0.00","0.0","0.0","95","73","79",
"USC00311677","CHAPEL HILL 2 W, NC US","2015-06-22","0.00",,,"94","71","78",
"USC00311677","CHAPEL HILL 2 W, NC US","2015-06-23","0.00",,,"95","74","76",
"USC00311677","CHAPEL HILL 2 W, NC US","2015-06-24","0.00",,,"96","75","77",
"USC00311677","CHAPEL HILL 2 W, NC US","2015-06-25","0.00",,,"94","72","72",
"USC00311677","CHAPEL HILL 2 W, NC US","2015-06-26","0.31","0.0","0.0","92","70","79",
"USC00311677","CHAPEL HILL 2 W, NC US","2015-06-27","1.40","0.0","0.0","91","67","70",
"USC00311677","CHAPEL HILL 2 W, NC US","2015-06-28","0.63","0.0","0.0","85","66","68",
"USC00311677","CHAPEL HILL 2 W, NC US","2015-06-29","0.00",,,"83","59","61",
"USC00311677","CHAPEL HILL 2 W, NC US","2015-06-30","0.00",,,"86","61","68",
"USC00311677","CHAPEL HILL 2 W, NC US","2015-07-01","0.15","0.0","0.0","90","66","67",
"USC00311677","CHAPEL HILL 2 W, NC US","2015-07-02","0.02","0.0","0.0","86","67","72",
"USC00311677","CHAPEL HILL 2 W, NC US","2015-07-03","0.09",,,"84","68","69",
"USC00311677","CHAPEL HILL 2 W, NC US","2015-07-04","1.27",,,"76","68","72",
"USC00311677","CHAPEL HILL 2 W, NC US","2015-07-05","0.00",,,"86","70","71",
"USC00311677","CHAPEL HILL 2 W, NC US","2015-07-06","1.05","0.0","0.0","89","68","71",
"USC00311677","CHAPEL HILL 2 W, NC US","2015-07-07","0.01",,,"88","68","68",
"USC00311677","CHAPEL HILL 2 W, NC US","2015-07-08","0.00",,,"90","68","74",
"USC00311677","CHAPEL HILL 2 W, NC US","2015-07-09","0.00",,,"89","71","71",
"USC00311677","CHAPEL HILL 2 W, NC US","2015-07-10","0.00",,,"91","71","73",
"USC00311677","CHAPEL HILL 2 W, NC US","2015-07-11","0.00",,,"94","71","71",
"USC00311677","CHAPEL HILL 2 W, NC US","2015-07-12","0.00",,,"88","65","69",
"USC00311677","CHAPEL HILL 2 W, NC US","2015-07-13","1.77","0.0","0.0","86","69","70",
"USC00311677","CHAPEL HILL 2 W, NC US","2015-07-14","0.53",,,"90","68","70",
"USC00311677","CHAPEL HILL 2 W, NC US","2015-07-15","0.00",,,"88","70","74",
"USC00311677","CHAPEL HILL 2 W, NC US","2015-07-16","0.00",,,"88","72","73",
"USC00311677","CHAPEL HILL 2 W, NC US","2015-07-17","0.00",,,"84","68","69",
"USC00311677","CHAPEL HILL 2 W, NC US","2015-07-18","0.00",,,"88","68","74",
"USC00311677","CHAPEL HILL 2 W, NC US","2015-07-19","0.23","0.0","0.0","90","71","73",
"USC00311677","CHAPEL HILL 2 W, NC US","2015-07-20","0.00",,,"92","72","72",
"USC00311677","CHAPEL HILL 2 W, NC US","2015-07-21","0.00",,,"95","72","76",
"USC00311677","CHAPEL HILL 2 W, NC US","2015-07-22","0.38",,,"93","70","71",
"USC00311677","CHAPEL HILL 2 W, NC US","2015-07-23","0.00",,,"88","71","72",
"USC00311677","CHAPEL HILL 2 W, NC US","2015-07-24","0.00",,,"83","72","73",
"USC00311677","CHAPEL HILL 2 W, NC US","2015-07-25","0.00",,,"87","65","75",
"USC00311677","CHAPEL HILL 2 W, NC US","2015-07-26","0.00",,,"87","66","67",
"USC00311677","CHAPEL HILL 2 W, NC US","2015-07-27","0.00",,,"88","66","71",
"USC00311677","CHAPEL HILL 2 W, NC US","2015-07-28","0.02",,,"90","71","72",
"USC00311677","CHAPEL HILL 2 W, NC US","2015-07-29","0.03","0.0","0.0","90","72","74",
"USC00311677","CHAPEL HILL 2 W, NC US","2015-07-30","0.00",,,"90","73","76",
"USC00311677","CHAPEL HILL 2 W, NC US","2015-08-01","0.00","0.0","0.0","89","64","67",
"USC00311677","CHAPEL HILL 2 W, NC US","2015-08-02","0.00",,,"92","67","69",
"USC00311677","CHAPEL HILL 2 W, NC US","2015-08-03","0.00","0.0","0.0","89","67","70",
"USC00311677","CHAPEL HILL 2 W, NC US","2015-08-04","0.00","0.0","0.0","94","70","72",
"USC00311677","CHAPEL HILL 2 W, NC US","2015-08-05","0.00",,,"95","72","72",
"USC00311677","CHAPEL HILL 2 W, NC US","2015-08-07","0.50",,,"92","69","69",
"USC00311677","CHAPEL HILL 2 W, NC US","2015-08-08","0.02",,,"74","69","70",
"USC00311677","CHAPEL HILL 2 W, NC US","2015-08-09","0.00",,,"84","65","66",
"USC00311677","CHAPEL HILL 2 W, NC US","2015-08-10","0.00",,,"87","66","72",
"USC00311677","CHAPEL HILL 2 W, NC US","2015-08-11","0.00",,,"84","72","74",
"USC00311677","CHAPEL HILL 2 W, NC US","2015-08-12","0.56",,,"88","67","69",
"USC00311677","CHAPEL HILL 2 W, NC US","2015-08-13","0.00",,,"86","61","66",
"USC00311677","CHAPEL HILL 2 W, NC US","2015-08-14","0.00",,,"87","65","65",
"USC00311677","CHAPEL HILL 2 W, NC US","2015-08-15","0.00",,,"89","65","66",
"USC00311677","CHAPEL HILL 2 W, NC US","2015-08-16","0.00",,,"90","66","73",
"USC00311677","CHAPEL HILL 2 W, NC US","2015-08-17","0.00",,,"91","68","70",
"USC00311677","CHAPEL HILL 2 W, NC US","2015-08-18","0.00",,,"94","70","73",
"USC00311677","CHAPEL HILL 2 W, NC US","2015-08-19","0.02",,,"84","72","73",
"USC00311677","CHAPEL HILL 2 W, NC US","2015-08-20","0.08",,,"90","71","72",
"USC00311677","CHAPEL HILL 2 W, NC US","2015-08-21","0.01",,,"90","72","75",
"USC00311677","CHAPEL HILL 2 W, NC US","2015-08-22","0.00",,,"87","66","66",
"USC00311677","CHAPEL HILL 2 W, NC US","2015-08-23","0.00",,,"87","62","63",
"USC00311677","CHAPEL HILL 2 W, NC US","2015-08-24","0.00",,,"86","62","72",
"USC00311677","CHAPEL HILL 2 W, NC US","2015-08-25","0.15",,,"88","70","70",
"USC00311677","CHAPEL HILL 2 W, NC US","2015-08-26","0.00",,,"89","69","69",
"USC00311677","CHAPEL HILL 2 W, NC US","2015-08-27","0.00",,,"80","66","66",
"USC00311677","CHAPEL HILL 2 W, NC US","2015-08-28","0.00",,,"84","60","60",
"USC00311677","CHAPEL HILL 2 W, NC US","2015-08-29","0.00",,,"86","59","69",
"USC00311677","CHAPEL HILL 2 W, NC US","2015-08-30","0.00",,,"86","64","66",
"USC00311677","CHAPEL HILL 2 W, NC US","2015-08-31","0.02","0.0","0.0","84","66","66",
"USC00311677","CHAPEL HILL 2 W, NC US","2015-09-01","1.47","0.0","0.0","73","64","65",
"USC00311677","CHAPEL HILL 2 W, NC US","2015-09-02","0.01",,,"92","65","69",
"USC00311677","CHAPEL HILL 2 W, NC US","2015-09-03","0.80",,,"93","66","66",
"USC00311677","CHAPEL HILL 2 W, NC US","2015-09-04","0.00",,,"90","66","71",
"USC00311677","CHAPEL HILL 2 W, NC US","2015-09-05","0.00",,,"90","68","70",
"USC00311677","CHAPEL HILL 2 W, NC US","2015-09-06","0.00",,,"84","66","66",
"USC00311677","CHAPEL HILL 2 W, NC US","2015-09-07","0.01",,,"82","66","72",
"USC00311677","CHAPEL HILL 2 W, NC US","2015-09-08","0.00",,,"85","69","71",
"USC00311677","CHAPEL HILL 2 W, NC US","2015-09-09","0.00",,,"87","70","72",
"USC00311677","CHAPEL HILL 2 W, NC US","2015-09-10","0.32",,,"90","72","74",
"USC00311677","CHAPEL HILL 2 W, NC US","2015-09-11","0.29",,,"88","67","68",
"USC00311677","CHAPEL HILL 2 W, NC US","2015-09-12","0.01",,,"84","67","69",
"USC00311677","CHAPEL HILL 2 W, NC US","2015-09-13","0.05",,,"76","59","59",
"USC00311677","CHAPEL HILL 2 W, NC US","2015-09-14","0.00",,,"76","48","51",
"USC00311677","CHAPEL HILL 2 W, NC US","2015-09-15","0.00",,,"77","50","51",
"USC00311677","CHAPEL HILL 2 W, NC US","2015-09-16","0.00",,,"81","51","53",
"USC00311677","CHAPEL HILL 2 W, NC US","2015-09-17","0.00","0.0","0.0","80","53","59",
"USC00311677","CHAPEL HILL 2 W, NC US","2015-09-18","0.00",,,"82","57","57",
"USC00311677","CHAPEL HILL 2 W, NC US","2015-09-19","0.00",,,"84","56","59",
"USC00311677","CHAPEL HILL 2 W, NC US","2015-09-20","0.00",,,"88","59","61",
"USC00311677","CHAPEL HILL 2 W, NC US","2015-09-21","0.00",,,"85","61","67",
"USC00311677","CHAPEL HILL 2 W, NC US","2015-09-22","0.00","0.0","0.0","73","63","65",
"USC00311677","CHAPEL HILL 2 W, NC US","2015-09-23","0.00","0.0","0.0","77","64","64",
"USC00311677","CHAPEL HILL 2 W, NC US","2015-09-24","0.00","0.0","0.0","76","60","60",
"USC00311677","CHAPEL HILL 2 W, NC US","2015-09-25","1.72",,,"75","60","63",
"USC00311677","CHAPEL HILL 2 W, NC US","2015-09-26","1.18",,,"68","63","63",
"USC00311677","CHAPEL HILL 2 W, NC US","2015-09-27","0.62",,,"66","63","63",
"USC00311677","CHAPEL HILL 2 W, NC US","2015-09-28","0.03","0.0","0.0","72","63","70",
"USC00311677","CHAPEL HILL 2 W, NC US","2015-09-30","0.11",,,"83","72","73",
"USC00311677","CHAPEL HILL 2 W, NC US","2015-10-01","0.16",,,"83","62","63",
"USC00311677","CHAPEL HILL 2 W, NC US","2015-10-02","0.77",,,"68","56","56",
"USC00311677","CHAPEL HILL 2 W, NC US","2015-10-03","2.63",,,"58","50","51",
"USC00311677","CHAPEL HILL 2 W, NC US","2015-10-04","0.57",,,"64","50","61",
"USC00311677","CHAPEL HILL 2 W, NC US","2015-10-05","0.07",,,"67","54","55",
"USC00311677","CHAPEL HILL 2 W, NC US","2015-10-06","0.04",,,"60","51","52",
"USC00311677","CHAPEL HILL 2 W, NC US","2015-10-07","0.00",,,"73","52","52",
"USC00311677","CHAPEL HILL 2 W, NC US","2015-10-08","0.00",,,"80","51","55",
"USC00311677","CHAPEL HILL 2 W, NC US","2015-10-09","0.00",,,"80","55","58",
"USC00311677","CHAPEL HILL 2 W, NC US","2015-10-10","0.00",,,"81","58","64",
"USC00311677","CHAPEL HILL 2 W, NC US","2015-10-11","0.23","0.0","0.0","64","51","51",
"USC00311677","CHAPEL HILL 2 W, NC US","2015-10-12","0.00",,,"72","50","51",
"USC00311677","CHAPEL HILL 2 W, NC US","2015-10-13","0.00",,,"77","51","60",
"USC00311677","CHAPEL HILL 2 W, NC US","2015-10-14","0.00",,,"78","52","52",
"USC00311677","CHAPEL HILL 2 W, NC US","2015-10-15","0.00","0.0","0.0","75","44","45",
"USC00311677","CHAPEL HILL 2 W, NC US","2015-10-16","0.00",,,"73","45","49",
"USC00311677","CHAPEL HILL 2 W, NC US","2015-10-17","0.00",,,"71","39","39",
"USC00311677","CHAPEL HILL 2 W, NC US","2015-10-18","0.00",,,"66","33","33",
"USC00311677","CHAPEL HILL 2 W, NC US","2015-10-19","0.00",,,"58","31","31",
"USC00311677","CHAPEL HILL 2 W, NC US","2015-10-20","0.00",,,"60","31","34",
"USC00311677","CHAPEL HILL 2 W, NC US","2015-10-21","0.00","0.0","0.0","70","33","36",
"USC00311677","CHAPEL HILL 2 W, NC US","2015-10-22","0.00","0.0","0.0","74","36","40",
"USC00311677","CHAPEL HILL 2 W, NC US","2015-10-23","0.00",,,"79","40","51",
"USC00311677","CHAPEL HILL 2 W, NC US","2015-10-24","0.00",,,"78","50","52",
"USC00311677","CHAPEL HILL 2 W, NC US","2015-10-25","0.00",,,"71","52","56",
"USC00311677","CHAPEL HILL 2 W, NC US","2015-10-26","0.00","0.0","0.0","75","54","54",
"USC00311677","CHAPEL HILL 2 W, NC US","2015-10-27","0.09",,,"56","48","49",
"USC00311677","CHAPEL HILL 2 W, NC US","2015-10-28","0.61",,,"64","49","64",
"USC00311677","CHAPEL HILL 2 W, NC US","2015-10-29","0.76",,,"73","62","62",
"USC00311677","CHAPEL HILL 2 W, NC US","2015-10-30","0.04",,,"72","48","48",
"USC00311677","CHAPEL HILL 2 W, NC US","2015-10-31","0.00",,,"66","41","42",
"USC00311677","CHAPEL HILL 2 W, NC US","2015-11-01","0.00",,,"62","42","55",
"USC00311677","CHAPEL HILL 2 W, NC US","2015-11-02","0.96",,,"62","55","62",
"USC00311677","CHAPEL HILL 2 W, NC US","2015-11-04","0.03",,,"64","57","58",
"USC00311677","CHAPEL HILL 2 W, NC US","2015-11-05","0.00",,,"70","58","62",
"USC00311677","CHAPEL HILL 2 W, NC US","2015-11-06","0.00",,,"77","62","65",
"USC00311677","CHAPEL HILL 2 W, NC US","2015-11-07","0.02",,,"73","65","68",
"USC00311677","CHAPEL HILL 2 W, NC US","2015-11-08","0.50","0.0","0.0","71","52","52",
"USC00311677","CHAPEL HILL 2 W, NC US","2015-11-09","0.30",,,"56","45","47",
"USC00311677","CHAPEL HILL 2 W, NC US","2015-11-10","1.27",,,"53","47","53",
"USC00311677","CHAPEL HILL 2 W, NC US","2015-11-12","0.00",,,"68","42","44",
"USC00311677","CHAPEL HILL 2 W, NC US","2015-11-13","0.00",,,"75","44","52",
"USC00311677","CHAPEL HILL 2 W, NC US","2015-11-14","0.00",,,"64","33","33",
"USC00311677","CHAPEL HILL 2 W, NC US","2015-11-15","0.00",,,"59","30","30",
"USC00311677","CHAPEL HILL 2 W, NC US","2015-11-16","0.00",,,"64","30","35",
"USC00311677","CHAPEL HILL 2 W, NC US","2015-11-17","0.00",,,"65","35","44",
"USC00311677","CHAPEL HILL 2 W, NC US","2015-11-18","0.00","0.0","0.0","65","44","54",
"USC00311677","CHAPEL HILL 2 W, NC US","2015-11-19","1.20",,,"71","54","64",
"USC00311677","CHAPEL HILL 2 W, NC US","2015-11-20","0.64",,,"72","49","52",
"USC00311677","CHAPEL HILL 2 W, NC US","2015-11-21","0.00",,,"61","31","35",
"USC00311677","CHAPEL HILL 2 W, NC US","2015-11-22","0.00",,,"59","35","49",
"USC00311677","CHAPEL HILL 2 W, NC US","2015-11-23","0.00","0.0","0.0","50","30","31",
"USC00311677","CHAPEL HILL 2 W, NC US","2015-11-24","0.00","0.0","0.0","47","27","28",
"USC00311677","CHAPEL HILL 2 W, NC US","2015-11-25","0.00",,,"56","28","28",
"USC00311677","CHAPEL HILL 2 W, NC US","2015-11-28","0.00",,,"69","40","43",
"USC00311677","CHAPEL HILL 2 W, NC US","2015-11-29","0.00",,,"70","43","50",
"USC00311677","CHAPEL HILL 2 W, NC US","2015-11-30","0.65",,,"72","47","48",
"USC00311677","CHAPEL HILL 2 W, NC US","2015-12-01","0.30",,,"48","42","42",
"USC00311677","CHAPEL HILL 2 W, NC US","2015-12-02","0.04",,,"53","42","53","    1"
"USC00311677","CHAPEL HILL 2 W, NC US","2015-12-03","0.03",,,"62","42","44",
"USC00311677","CHAPEL HILL 2 W, NC US","2015-12-04","0.00",,,"50","30","30",
"USC00311677","CHAPEL HILL 2 W, NC US","2015-12-05","0.00",,,"54","28","28",
"USC00311677","CHAPEL HILL 2 W, NC US","2015-12-06","0.00","0.0","0.0","55","28","28",
"USC00311677","CHAPEL HILL 2 W, NC US","2015-12-07","0.00",,,"59","28","47",
"USC00311677","CHAPEL HILL 2 W, NC US","2015-12-08","0.02",,,"62","35","35",
"USC00311677","CHAPEL HILL 2 W, NC US","2015-12-09","0.00",,,"61","35","43",
"USC00311677","CHAPEL HILL 2 W, NC US","2015-12-10","0.00",,,"62","42","42",
"USC00311677","CHAPEL HILL 2 W, NC US","2015-12-11","0.00","0.0","0.0","66","42","48",
"USC00311677","CHAPEL HILL 2 W, NC US","2015-12-12","0.00",,,"71","48","55","    1"
"USC00311677","CHAPEL HILL 2 W, NC US","2015-12-13","0.00",,,"74","48","48",
"USC00311677","CHAPEL HILL 2 W, NC US","2015-12-14","0.00",,,"72","47","60",
"USC00311677","CHAPEL HILL 2 W, NC US","2015-12-15","0.12",,,"70","51","51",
"USC00311677","CHAPEL HILL 2 W, NC US","2015-12-16","0.00","0.0","0.0","71","42","45",
"USC00311677","CHAPEL HILL 2 W, NC US","2015-12-17","0.01","0.0","0.0","63","45","51",
"USC00311677","CHAPEL HILL 2 W, NC US","2015-12-18","1.42",,,"57","51","54",
"USC00311677","CHAPEL HILL 2 W, NC US","2015-12-19","0.00",,,"58","27","27",
"USC00311677","CHAPEL HILL 2 W, NC US","2015-12-20","0.00",,,"48","26","29",
"USC00311677","CHAPEL HILL 2 W, NC US","2015-12-21","0.00","0.0","0.0","54","29","40",
"USC00311677","CHAPEL HILL 2 W, NC US","2015-12-22","0.30","0.0","0.0","57","39","56",
"USC00311677","CHAPEL HILL 2 W, NC US","2015-12-23","1.29","0.0","0.0","64","55","61",
"USC00311677","CHAPEL HILL 2 W, NC US","2015-12-24","2.05",,,"71","61","68",
"USC00311677","CHAPEL HILL 2 W, NC US","2015-12-25","0.02",,,"75","65","65",
"USC00311677","CHAPEL HILL 2 W, NC US","2015-12-26","0.02",,,"71","62","64",
"USC00311677","CHAPEL HILL 2 W, NC US","2015-12-27","0.00",,,"72","64","66",
"USC00311677","CHAPEL HILL 2 W, NC US","2015-12-28","0.03",,,"74","64","65",
"USC00311677","CHAPEL HILL 2 W, NC US","2015-12-29","0.67",,,"66","50","50",
"USC00311677","CHAPEL HILL 2 W, NC US","2015-12-31","2.34",,,"65","63","63",
"USC00311677","CHAPEL HILL 2 W, NC US","2016-01-01","0.30",,,"64","44","44",
"USC00311677","CHAPEL HILL 2 W, NC US","2016-01-02","0.00",,,"50","30","30",
"USC00311677","CHAPEL HILL 2 W, NC US","2016-01-03","0.00",,,"52","30","30",
"USC00311677","CHAPEL HILL 2 W, NC US","2016-01-04","0.00",,,"53","30","31",
"USC00311677","CHAPEL HILL 2 W, NC US","2016-01-05","0.00",,,"41","23","23",
"USC00311677","CHAPEL HILL 2 W, NC US","2016-01-06","0.00",,,"34","18","20",
"USC00311677","CHAPEL HILL 2 W, NC US","2016-01-07","0.00",,,"43","20","36",
"USC00311677","CHAPEL HILL 2 W, NC US","2016-01-08","0.00",,,"45","36","40",
"USC00311677","CHAPEL HILL 2 W, NC US","2016-01-09","0.06",,,"47","40","43",
"USC00311677","CHAPEL HILL 2 W, NC US","2016-01-10","0.37","0.0","0.0","57","43","56",
"USC00311677","CHAPEL HILL 2 W, NC US","2016-01-11","0.00",,,"61","27","27",
"USC00311677","CHAPEL HILL 2 W, NC US","2016-01-12","0.00",,,"43","25","27",
"USC00311677","CHAPEL HILL 2 W, NC US","2016-01-14","0.00","0.0","0.0","43","25","28",
"USC00311677","CHAPEL HILL 2 W, NC US","2016-01-15","0.00","0.0","0.0","60","28","34",
"USC00311677","CHAPEL HILL 2 W, NC US","2016-01-16","0.34",,,"43","34","43",
"USC00311677","CHAPEL HILL 2 W, NC US","2016-01-17","0.00",,,"60","37","38",
"USC00311677","CHAPEL HILL 2 W, NC US","2016-01-18","0.01",,,"40","28","28",
"USC00311677","CHAPEL HILL 2 W, NC US","2016-01-19","0.00",,,"34","16","16",
"USC00311677","CHAPEL HILL 2 W, NC US","2016-01-20","0.00","0.0","0.0","31","16","19",
"USC00311677","CHAPEL HILL 2 W, NC US","2016-01-21","0.00",,,"38","19","31",
"USC00311677","CHAPEL HILL 2 W, NC US","2016-01-22","0.00",,,"43","24","24",
"USC00311677","CHAPEL HILL 2 W, NC US","2016-01-24","0.01",,,"31","24","26",
"USC00311677","CHAPEL HILL 2 W, NC US","2016-01-25","0.00","0.0","0.0","47","25","25",
"USC00311677","CHAPEL HILL 2 W, NC US","2016-01-26","0.00","0.0","0.0","51","25","35",
"USC00311677","CHAPEL HILL 2 W, NC US","2016-01-27","0.00",,,"60","35","46",
"USC00311677","CHAPEL HILL 2 W, NC US","2016-01-28","0.00",,,"51","31","32",
"USC00311677","CHAPEL HILL 2 W, NC US","2016-01-30","0.00",,,"53","27","27",
"USC00311677","CHAPEL HILL 2 W, NC US","2016-01-31","0.00",,,"56","27","41",
"USC00311677","CHAPEL HILL 2 W, NC US","2016-02-01","0.00",,,"69","36","49",
"USC00311677","CHAPEL HILL 2 W, NC US","2016-02-03","0.00",,,"56","49","51",
"USC00311677","CHAPEL HILL 2 W, NC US","2016-02-04","1.33",,,"68","51","60","    1"
"USC00311677","CHAPEL HILL 2 W, NC US","2016-02-05","0.07",,,"61","35","37",
"USC00311677","CHAPEL HILL 2 W, NC US","2016-02-06","0.00",,,"47","25","25",
"USC00311677","CHAPEL HILL 2 W, NC US","2016-02-07","0.00","0.0","0.0","48","25","37",
"USC00311677","CHAPEL HILL 2 W, NC US","2016-02-08","0.00",,,"44","27","27",
"USC00311677","CHAPEL HILL 2 W, NC US","2016-02-10","0.00",,,"43","24","24",
"USC00311677","CHAPEL HILL 2 W, NC US","2016-02-11","0.00",,,"40","18","21",
"USC00311677","CHAPEL HILL 2 W, NC US","2016-02-12","0.00","0.0","0.0","40","21","25",
"USC00311677","CHAPEL HILL 2 W, NC US","2016-02-13","0.00",,,"35","25","27",
"USC00311677","CHAPEL HILL 2 W, NC US","2016-02-14","0.00",,,"34","14","14",
"USC00311677","CHAPEL HILL 2 W, NC US","2016-02-15","0.09",,,"30","14","22",
"USC00311677","CHAPEL HILL 2 W, NC US","2016-02-16","1.26",,,"56","22","51",
"USC00311677","CHAPEL HILL 2 W, NC US","2016-02-17","0.05","0.0","0.0","57","38","41",
"USC00311677","CHAPEL HILL 2 W, NC US","2016-02-18","0.00","0.0","0.0","56","31","34",
"USC00311677","CHAPEL HILL 2 W, NC US","2016-02-19","0.00",,,"50","27","29",
"USC00311677","CHAPEL HILL 2 W, NC US","2016-02-20","0.00",,,"54","28","48",
"USC00311677","CHAPEL HILL 2 W, NC US","2016-02-21","0.00",,,"65","42","42",
"USC00311677","CHAPEL HILL 2 W, NC US","2016-02-22","0.04","0.0","0.0","70","42","52",
"USC00311677","CHAPEL HILL 2 W, NC US","2016-02-23","0.98","0.0","0.0","54","42","42",
"USC00311677","CHAPEL HILL 2 W, NC US","2016-02-24","0.18","0.0","0.0","54","42","54",
"USC00311677","CHAPEL HILL 2 W, NC US","2016-02-25","0.81",,,"71","40","42",
"USC00311677","CHAPEL HILL 2 W, NC US","2016-02-26","0.00",,,"53","30","30",
"USC00311677","CHAPEL HILL 2 W, NC US","2016-02-27","0.00",,,"48","24","24",
"USC00311677","CHAPEL HILL 2 W, NC US","2016-02-28","0.00",,,"53","24","33",
"USC00311677","CHAPEL HILL 2 W, NC US","2016-02-29","0.00",,,"68","32","49",
"USC00311677","CHAPEL HILL 2 W, NC US","2016-03-01","0.00",,,"72","36","44",
"USC00311677","CHAPEL HILL 2 W, NC US","2016-03-02","0.10",,,"72","44","47",
"USC00311677","CHAPEL HILL 2 W, NC US","2016-03-03","0.00",,,"51","27","28",
"USC00311677","CHAPEL HILL 2 W, NC US","2016-03-04","0.12",,,"47","28","35",
"USC00311677","CHAPEL HILL 2 W, NC US","2016-03-05","0.00","0.0","0.0","53","29","33",
"USC00311677","CHAPEL HILL 2 W, NC US","2016-03-06","0.01","0.0","0.0","55","33","38",
"USC00311677","CHAPEL HILL 2 W, NC US","2016-03-07","0.00",,,"55","31","35",
"USC00311677","CHAPEL HILL 2 W, NC US","2016-03-08","0.00",,,"67","35","46",
"USC00311677","CHAPEL HILL 2 W, NC US","2016-03-09","0.00",,,"78","46","57",
"USC00311677","CHAPEL HILL 2 W, NC US","2016-03-10","0.00","0.0","0.0","77","57","60",
"USC00311677","CHAPEL HILL 2 W, NC US","2016-03-11","0.00","0.0","0.0","79","60","64",
"USC00311677","CHAPEL HILL 2 W, NC US","2016-03-12","0.00","0.0","0.0","80","59","62",
"USC00311677","CHAPEL HILL 2 W, NC US","2016-03-13","0.00",,,"77","61","63",
"USC00311677","CHAPEL HILL 2 W, NC US","2016-03-14","1.22",,,"74","61","63",
"USC00311677","CHAPEL HILL 2 W, NC US","2016-03-15","0.99",,,"80","52","52",
"USC00311677","CHAPEL HILL 2 W, NC US","2016-03-16","0.00","0.0","0.0","78","51","54",
"USC00311677","CHAPEL HILL 2 W, NC US","2016-03-17","0.00","0.0","0.0","85","46","54",
"USC00311677","CHAPEL HILL 2 W, NC US","2016-03-18","0.00",,,"78","53","53",
"USC00311677","CHAPEL HILL 2 W, NC US","2016-03-19","0.00",,,"72","48","51",
"USC00311677","CHAPEL HILL 2 W, NC US","2016-03-20","0.06",,,"57","39","39",
"USC00311677","CHAPEL HILL 2 W, NC US","2016-03-21","0.00","0.0","0.0","41","36","37",
"USC00311677","CHAPEL HILL 2 W, NC US","2016-03-23","0.00",,,"66","32","48",
"USC00311677","CHAPEL HILL 2 W, NC US","2016-03-24","0.00",,,"76","47","54",
"USC00311677","CHAPEL HILL 2 W, NC US","2016-03-25","0.00",,,"77","53","64",
"USC00311677","CHAPEL HILL 2 W, NC US","2016-03-26","0.00",,,"76","55","55",
"USC00311677","CHAPEL HILL 2 W, NC US","2016-03-27","0.21",,,"62","53","54",
"USC00311677","CHAPEL HILL 2 W, NC US","2016-03-28","1.60",,,"59","53","58",
"USC00311677","CHAPEL HILL 2 W, NC US","2016-03-29","0.08",,,"74","41","45",
"USC00311677","CHAPEL HILL 2 W, NC US","2016-03-30","0.00",,,"66","39","42",
"USC00311677","CHAPEL HILL 2 W, NC US","2016-03-31","0.00",,,"69","41","53",
"USC00311677","CHAPEL HILL 2 W, NC US","2016-04-01","0.68",,,"76","53","67",
"USC00311677","CHAPEL HILL 2 W, NC US","2016-04-02","0.01",,,"76","62","62",
"USC00311677","CHAPEL HILL 2 W, NC US","2016-04-03","0.54","0.0","0.0","71","42","42",
"USC00311677","CHAPEL HILL 2 W, NC US","2016-04-04","0.00",,,"62","42","45",
"USC00311677","CHAPEL HILL 2 W, NC US","2016-04-05","0.00",,,"76","45","46",
"USC00311677","CHAPEL HILL 2 W, NC US","2016-04-06","0.00",,,"53","29","31",
"USC00311677","CHAPEL HILL 2 W, NC US","2016-04-07","0.24",,,"62","31","53",
"USC00311677","CHAPEL HILL 2 W, NC US","2016-04-08","0.00","0.0","0.0","69","40","48",
"USC00311677","CHAPEL HILL 2 W, NC US","2016-04-09","0.00","0.0","0.0","62","38","41",
"USC00311677","CHAPEL HILL 2 W, NC US","2016-04-10","0.00",,,"50","30","32",
"USC00311677","CHAPEL HILL 2 W, NC US","2016-04-11","0.00",,,"60","32","46",
"USC00311677","CHAPEL HILL 2 W, NC US","2016-04-12","0.36",,,"74","46","58",
"USC00311677","CHAPEL HILL 2 W, NC US","2016-04-13","0.27","0.0","0.0","64","45","48",
"USC00311677","CHAPEL HILL 2 W, NC US","2016-04-14","0.00","0.0","0.0","63","39","44",
"USC00311677","CHAPEL HILL 2 W, NC US","2016-04-15","0.00",,,"64","40","40",
"USC00311677","CHAPEL HILL 2 W, NC US","2016-04-16","0.00",,,"65","36","39",
"USC00311677","CHAPEL HILL 2 W, NC US","2016-04-17","0.00",,,"68","37","37",
"USC00311677","CHAPEL HILL 2 W, NC US","2016-04-18","0.00","0.0","0.0","72","37","51",
"USC00311677","CHAPEL HILL 2 W, NC US","2016-04-19","0.00","0.0","0.0","84","51","57",
"USC00311677","CHAPEL HILL 2 W, NC US","2016-04-21","0.00",,,"74","52","53",
"USC00311677","CHAPEL HILL 2 W, NC US","2016-04-22","0.00",,,"80","53","61",
"USC00311677","CHAPEL HILL 2 W, NC US","2016-04-23","0.92",,,"68","59","59",
"USC00311677","CHAPEL HILL 2 W, NC US","2016-04-24","0.03",,,"76","49","49",
"USC00311677","CHAPEL HILL 2 W, NC US","2016-04-25","0.00",,,"74","49","54",
"USC00311677","CHAPEL HILL 2 W, NC US","2016-04-26","0.00",,,"82","54","58",
"USC00311677","CHAPEL HILL 2 W, NC US","2016-04-27","0.00",,,"84","57","63",
"USC00311677","CHAPEL HILL 2 W, NC US","2016-04-28","0.08",,,"86","63","64",
"USC00311677","CHAPEL HILL 2 W, NC US","2016-04-30","0.00","0.0","0.0","79","57","57",
"USC00311677","CHAPEL HILL 2 W, NC US","2016-05-01","0.01",,,"64","57","60",
"USC00311677","CHAPEL HILL 2 W, NC US","2016-05-02","0.24",,,"77","59","65",
"USC00311677","CHAPEL HILL 2 W, NC US","2016-05-03","1.05",,,"85","62","63",
"USC00311677","CHAPEL HILL 2 W, NC US","2016-05-04","0.42",,,"78","55","56",
"USC00311677","CHAPEL HILL 2 W, NC US","2016-05-06","1.12","0.0","0.0","54","46","50",
"USC00311677","CHAPEL HILL 2 W, NC US","2016-05-08","0.00",,,"74","52","66",
"USC00311677","CHAPEL HILL 2 W, NC US","2016-05-09","0.03",,,"83","58","59",
"USC00311677","CHAPEL HILL 2 W, NC US","2016-05-10","0.01",,,"79","59","66",
"USC00311677","CHAPEL HILL 2 W, NC US","2016-05-11","0.00","0.0","0.0","82","61","65",
"USC00311677","CHAPEL HILL 2 W, NC US","2016-05-12","0.00","0.0","0.0","80","65","66",
"USC00311677","CHAPEL HILL 2 W, NC US","2016-05-14","0.00",,,"78","52","52",
"USC00311677","CHAPEL HILL 2 W, NC US","2016-05-15","0.00",,,"81","47","48",
"USC00311677","CHAPEL HILL 2 W, NC US","2016-05-16","0.00","0.0","0.0","66","42","46",
"USC00311677","CHAPEL HILL 2 W, NC US","2016-05-17","0.00","0.0","0.0","72","46","61",
"USC00311677","CHAPEL HILL 2 W, NC US","2016-05-18","0.55",,,"68","57","57",
"USC00311677","CHAPEL HILL 2 W, NC US","2016-05-19","0.08",,,"68","56","57",
"USC00311677","CHAPEL HILL 2 W, NC US","2016-05-20","0.07",,,"60","55","55",
"USC00311677","CHAPEL HILL 2 W, NC US","2016-05-21","0.23","0.0","0.0","69","55","61",
"USC00311677","CHAPEL HILL 2 W, NC US","2016-05-22","0.08",,,"77","58","58",
"USC00311677","CHAPEL HILL 2 W, NC US","2016-05-23","0.18","0.0","0.0","69","51","54",
"USC00311677","CHAPEL HILL 2 W, NC US","2016-05-24","0.00",,,"68","51","51",
"USC00311677","CHAPEL HILL 2 W, NC US","2016-05-25","0.00",,,"82","51","52",
"USC00311677","CHAPEL HILL 2 W, NC US","2016-05-26","0.00",,,"86","52","60",
"USC00311677","CHAPEL HILL 2 W, NC US","2016-05-27","0.00","0.0","0.0","87","60","70",
"USC00311677","CHAPEL HILL 2 W, NC US","2016-05-28","0.00","0.0","0.0","85","60","67",
"USC00311677","CHAPEL HILL 2 W, NC US","2016-05-29","0.01",,,"85","67","69",
"USC00311677","CHAPEL HILL 2 W, NC US","2016-05-31","0.00",,,"83","64","69",
"USC00311677","CHAPEL HILL 2 W, NC US","2016-06-01","0.00",,,"85","66","66",
"USC00311677","CHAPEL HILL 2 W, NC US","2016-06-02","0.00",,,"86","66","68",
"USC00311677","CHAPEL HILL 2 W, NC US","2016-06-03","0.00","0.0","0.0","85","67","76",
"USC00311677","CHAPEL HILL 2 W, NC US","2016-06-04","0.03","0.0","0.0","90","68","71",
"USC00311677","CHAPEL HILL 2 W, NC US","2016-06-06","0.05",,,"87","70","72",
"USC00311677","CHAPEL HILL 2 W, NC US","2016-06-07","0.86",,,"82","70","70",
"USC00311677","CHAPEL HILL 2 W, NC US","2016-06-08","0.00","0.0","0.0","87","58","67",
"USC00311677","CHAPEL HILL 2 W, NC US","2016-06-09","0.00",,,"81","52","61",
"USC00311677","CHAPEL HILL 2 W, NC US","2016-06-11","0.00",,,"84","51","67",
"USC00311677","CHAPEL HILL 2 W, NC US","2016-06-12","0.00",,,"92","67","73",
"USC00311677","CHAPEL HILL 2 W, NC US","2016-06-13","0.00","0.0","0.0","93","64","71",
"USC00311677","CHAPEL HILL 2 W, NC US","2016-06-14","0.00","0.0","0.0","84","61","67",
"USC00311677","CHAPEL HILL 2 W, NC US","2016-06-16","0.11",,,"88","70","71",
"USC00311677","CHAPEL HILL 2 W, NC US","2016-06-17","0.01",,,"92","70","71",
"USC00311677","CHAPEL HILL 2 W, NC US","2016-06-18","0.00",,,"83","62","63",
"USC00311677","CHAPEL HILL 2 W, NC US","2016-06-19","0.00",,,"82","57","61",
"USC00311677","CHAPEL HILL 2 W, NC US","2016-06-20","0.00",,,"83","59","63",
"USC00311677","CHAPEL HILL 2 W, NC US","2016-06-21","0.00",,,"87","63","70",
"USC00311677","CHAPEL HILL 2 W, NC US","2016-06-22","0.00",,,"90","70","71",
"USC00311677","CHAPEL HILL 2 W, NC US","2016-06-23","0.62",,,"91","71","74",
"USC00311677","CHAPEL HILL 2 W, NC US","2016-06-24","1.90",,,"89","67","68",
"USC00311677","CHAPEL HILL 2 W, NC US","2016-06-25","0.01",,,"88","68","71",
"USC00311677","CHAPEL HILL 2 W, NC US","2016-06-26","0.00",,,"83","65","67",
"USC00311677","CHAPEL HILL 2 W, NC US","2016-06-28","0.01",,,"88","67","73",
"USC00311677","CHAPEL HILL 2 W, NC US","2016-06-30","0.42",,,"88","68","68",
"USC00311677","CHAPEL HILL 2 W, NC US","2016-07-01","0.00",,,"86","68","74",
"USC00311677","CHAPEL HILL 2 W, NC US","2016-07-03","0.87",,,"88","71","74",
"USC00311677","CHAPEL HILL 2 W, NC US","2016-07-04","0.06",,,"76","68","68",
"USC00311677","CHAPEL HILL 2 W, NC US","2016-07-05","0.04",,,"83","68","74",
"USC00311677","CHAPEL HILL 2 W, NC US","2016-07-06","0.14",,,"95","72","72",
"USC00311677","CHAPEL HILL 2 W, NC US","2016-07-07","0.09",,,"91","72","77",
"USC00311677","CHAPEL HILL 2 W, NC US","2016-07-08","0.00",,,"93","70","76",
"USC00311677","CHAPEL HILL 2 W, NC US","2016-07-09","0.86",,,"94","68","70",
"USC00311677","CHAPEL HILL 2 W, NC US","2016-07-10","0.00",,,"90","68","69",
"USC00311677","CHAPEL HILL 2 W, NC US","2016-07-11","0.05","0.0","0.0","86","69","72",
"USC00311677","CHAPEL HILL 2 W, NC US","2016-07-12","0.00","0.0","0.0","89","70","72",
"USC00311677","CHAPEL HILL 2 W, NC US","2016-07-14","0.00",,,"94","73","73",
"USC00311677","CHAPEL HILL 2 W, NC US","2016-07-15","0.00",,,"95","73","73",
"USC00311677","CHAPEL HILL 2 W, NC US","2016-07-16","0.57",,,"94","71","72",
"USC00311677","CHAPEL HILL 2 W, NC US","2016-07-17","0.98",,,"85","68","69",
"USC00311677","CHAPEL HILL 2 W, NC US","2016-07-19","0.00",,,"93","73","76",
"USC00311677","CHAPEL HILL 2 W, NC US","2016-07-20","0.00",,,"91","70","72",
"USC00311677","CHAPEL HILL 2 W, NC US","2016-07-21","0.00",,,"88","68","70",
"USC00311677","CHAPEL HILL 2 W, NC US","2016-07-22","0.00",,,"90","70","71",
"USC00311677","CHAPEL HILL 2 W, NC US","2016-07-23","0.00",,,"93","71","77",
"USC00311677","CHAPEL HILL 2 W, NC US","2016-07-24","0.00","0.0","0.0","95","73","74",
"USC00311677","CHAPEL HILL 2 W, NC US","2016-07-26","0.00",,,"96","76","77",
"USC00311677","CHAPEL HILL 2 W, NC US","2016-07-27","0.04",,,"96","75","79",
"USC00311677","CHAPEL HILL 2 W, NC US","2016-07-28","0.00","0.0","0.0","93","72","75",
"USC00311677","CHAPEL HILL 2 W, NC US","2016-07-29","0.00","0.0","0.0","96","74","77",
"USC00311677","CHAPEL HILL 2 W, NC US","2016-07-30","0.00","0.0","0.0","90","74","77",
"USC00311677","CHAPEL HILL 2 W, NC US","2016-07-31","0.94",,,"94","72","75",
"USC00311677","CHAPEL HILL 2 W, NC US","2016-08-01","1.71",,,"94","70","73",
"USC00311677","CHAPEL HILL 2 W, NC US","2016-08-02","0.00",,,"90","73","74",
"USC00311677","CHAPEL HILL 2 W, NC US","2016-08-03","2.05","0.0","0.0","87","71","73",
"USC00311677","CHAPEL HILL 2 W, NC US","2016-08-05","1.17",,,"85","70","73",
"USC00311677","CHAPEL HILL 2 W, NC US","2016-08-06","0.49",,,"86","72","73",
"USC00311677","CHAPEL HILL 2 W, NC US","2016-08-07","0.00",,,"92","72","74",
"USC00311677","CHAPEL HILL 2 W, NC US","2016-08-08","0.17","0.0","0.0","84","71","72",
"USC00311677","CHAPEL HILL 2 W, NC US","2016-08-09","1.28","0.0","0.0","85","72","74",
"USC00311677","CHAPEL HILL 2 W, NC US","2016-08-10","0.02","0.0","0.0","89","71","73",
"USC00311677","CHAPEL HILL 2 W, NC US","2016-08-11","0.00","0.0","0.0","90","72","77",
"USC00311677","CHAPEL HILL 2 W, NC US","2016-08-12","0.00",,,"91","74","77",
"USC00311677","CHAPEL HILL 2 W, NC US","2016-08-13","0.00",,,"92","75","77",
"USC00311677","CHAPEL HILL 2 W, NC US","2016-08-14","0.00",,,"94","76","76",
"USC00311677","CHAPEL HILL 2 W, NC US","2016-08-15","0.00",,,"95","74","74",
"USC00311677","CHAPEL HILL 2 W, NC US","2016-08-17","0.00",,,"93","75","75",
"USC00311677","CHAPEL HILL 2 W, NC US","2016-08-18","0.00",,,"95","73","75",
"USC00311677","CHAPEL HILL 2 W, NC US","2016-08-19","0.00",,,"91","75","76",
"USC00311677","CHAPEL HILL 2 W, NC US","2016-08-20","0.04",,,"89","73","74",
"USC00311677","CHAPEL HILL 2 W, NC US","2016-08-21","0.00","0.0","0.0","89","73","76",
"USC00311677","CHAPEL HILL 2 W, NC US","2016-08-22","0.03",,,"92","66","66",
"USC00311677","CHAPEL HILL 2 W, NC US","2016-08-23","0.00",,,"85","63","63",
"USC00311677","CHAPEL HILL 2 W, NC US","2016-08-24","0.00",,,"88","63","67",
"USC00311677","CHAPEL HILL 2 W, NC US","2016-08-26","0.00","0.0","0.0","90","67","73",
"USC00311677","CHAPEL HILL 2 W, NC US","2016-08-27","0.00","0.0","0.0","95","73","74",
"USC00311677","CHAPEL HILL 2 W, NC US","2016-08-28","0.17",,,"96","71","71",
"USC00311677","CHAPEL HILL 2 W, NC US","2016-08-29","0.00",,,"89","69","69",
"USC00311677","CHAPEL HILL 2 W, NC US","2016-08-30","0.00",,,"87","67","67",
"USC00311677","CHAPEL HILL 2 W, NC US","2016-08-31","0.00","0.0","0.0","90","66","77",
"USC00311677","CHAPEL HILL 2 W, NC US","2016-09-01","0.00",,,"91","70","73",
"USC00311677","CHAPEL HILL 2 W, NC US","2016-09-03","0.78",,,"72","61","65",
"USC00311677","CHAPEL HILL 2 W, NC US","2016-09-04","0.01",,,"78","61","61",
"USC00311677","CHAPEL HILL 2 W, NC US","2016-09-05","0.00","0.0","0.0","81","57","57",
"USC00311677","CHAPEL HILL 2 W, NC US","2016-09-06","0.00","0.0","0.0","82","57","67",
"USC00311677","CHAPEL HILL 2 W, NC US","2016-09-07","0.00",,,"91","67","71",
"USC00311677","CHAPEL HILL 2 W, NC US","2016-09-08","0.00",,,"94","69","72",
"USC00311677","CHAPEL HILL 2 W, NC US","2016-09-09","0.00",,,"94","69","70",
"USC00311677","CHAPEL HILL 2 W, NC US","2016-09-10","0.00",,,"92","70","72",
"USC00311677","CHAPEL HILL 2 W, NC US","2016-09-11","0.00",,,"90","72","72",
"USC00311677","CHAPEL HILL 2 W, NC US","2016-09-12","0.00",,,"89","69","69",
"USC00311677","CHAPEL HILL 2 W, NC US","2016-09-13","0.00",,,"86","66","67",
"USC00311677","CHAPEL HILL 2 W, NC US","2016-09-14","0.00",,,"89","65","68",
"USC00311677","CHAPEL HILL 2 W, NC US","2016-09-15","0.00",,,"90","66","67",
"USC00311677","CHAPEL HILL 2 W, NC US","2016-09-16","0.00",,,"89","67","69",
"USC00311677","CHAPEL HILL 2 W, NC US","2016-09-17","0.00","0.0","0.0","83","66","67",
"USC00311677","CHAPEL HILL 2 W, NC US","2016-09-18","0.00","0.0","0.0","86","67","70",
"USC00311677","CHAPEL HILL 2 W, NC US","2016-09-19","1.87",,,"88","70","74",
"USC00311677","CHAPEL HILL 2 W, NC US","2016-09-20","1.19",,,"76","69","70",
"USC00311677","CHAPEL HILL 2 W, NC US","2016-09-21","0.56",,,"76","70","70",
"USC00311677","CHAPEL HILL 2 W, NC US","2016-09-22","0.33","0.0","0.0","75","69","70",
"USC00311677","CHAPEL HILL 2 W, NC US","2016-09-23","0.05","0.0","0.0","81","70","70",
"USC00311677","CHAPEL HILL 2 W, NC US","2016-09-24","0.00","0.0","0.0","85","64","65",
"USC00311677","CHAPEL HILL 2 W, NC US","2016-09-25","0.00",,,"91","65","70",
"USC00311677","CHAPEL HILL 2 W, NC US","2016-09-26","0.01",,,"73","66","66",
"USC00311677","CHAPEL HILL 2 W, NC US","2016-09-27","0.30",,,"77","65","66",
"USC00311677","CHAPEL HILL 2 W, NC US","2016-09-28","0.02",,,"78","65","68",
"USC00311677","CHAPEL HILL 2 W, NC US","2016-09-29","1.20","0.0","0.0","83","64","64",
"USC00311677","CHAPEL HILL 2 W, NC US","2016-10-01","0.57",,,"82","63","63",
"USC00311677","CHAPEL HILL 2 W, NC US","2016-10-02","0.00",,,"82","57","57",
"USC00311677","CHAPEL HILL 2 W, NC US","2016-10-03","0.00",,,"79","57","61",
"USC00311677","CHAPEL HILL 2 W, NC US","2016-10-04","0.00",,,"78","61","63",
"USC00311677","CHAPEL HILL 2 W, NC US","2016-10-05","0.00",,,"76","60","62",
"USC00311677","CHAPEL HILL 2 W, NC US","2016-10-06","0.00",,,"69","59","59",
"USC00311677","CHAPEL HILL 2 W, NC US","2016-10-07","0.17",,,"73","58","65",
"USC00311677","CHAPEL HILL 2 W, NC US","2016-10-08","0.95",,,"72","65","66",
"USC00311677","CHAPEL HILL 2 W, NC US","2016-10-09","4.33",,,"68","55","55",
"USC00311677","CHAPEL HILL 2 W, NC US","2016-10-10","0.00",,,"71","46","46",
"USC00311677","CHAPEL HILL 2 W, NC US","2016-10-11","0.00",,,"71","41","43",
"USC00311677","CHAPEL HILL 2 W, NC US","2016-10-12","0.00",,,"67","43","45",
"USC00311677","CHAPEL HILL 2 W, NC US","2016-10-13","0.00",,,"72","45","48",
"USC00311677","CHAPEL HILL 2 W, NC US","2016-10-14","0.00",,,"79","48","55",
"USC00311677","CHAPEL HILL 2 W, NC US","2016-10-15","0.00","0.0","0.0","68","52","53",
"USC00311677","CHAPEL HILL 2 W, NC US","2016-10-16","0.00","0.0","0.0","71","49","50",
"USC00311677","CHAPEL HILL 2 W, NC US","2016-10-17","0.00",,,"76","50","56",
"USC00311677","CHAPEL HILL 2 W, NC US","2016-10-18","0.00",,,"82","56","58",
"USC00311677","CHAPEL HILL 2 W, NC US","2016-10-19","0.00",,,"84","58","60",
"USC00311677","CHAPEL HILL 2 W, NC US","2016-10-20","0.00","0.0","0.0","87","60","61",
"USC00311677","CHAPEL HILL 2 W, NC US","2016-10-21","0.00","0.0","0.0","84","60","63",
"USC00311677","CHAPEL HILL 2 W, NC US","2016-10-22","0.00","0.0","0.0","74","50","50",
"USC00311677","CHAPEL HILL 2 W, NC US","2016-10-23","0.00","0.0","0.0","62","39","42",
"USC00311677","CHAPEL HILL 2 W, NC US","2016-10-24","0.00",,,"70","42","50",
"USC00311677","CHAPEL HILL 2 W, NC US","2016-10-26","0.00","0.0","0.0","65","39","40",
"USC00311677","CHAPEL HILL 2 W, NC US","2016-10-27","0.00",,,"66","40","45",
"USC00311677","CHAPEL HILL 2 W, NC US","2016-10-28","0.00","0.0","0.0","73","45","56",
"USC00311677","CHAPEL HILL 2 W, NC US","2016-10-31","0.00","0.0","0.0","83","54","54",
"USC00311677","CHAPEL HILL 2 W, NC US","2016-11-01","0.00","0.0","0.0","70","53","53",
"USC00311677","CHAPEL HILL 2 W, NC US","2016-11-02","0.00","0.0","0.0","61","50","50",
"USC00311677","CHAPEL HILL 2 W, NC US","2016-11-03","0.00","0.0","0.0","80","50","57",
"USC00311677","CHAPEL HILL 2 W, NC US","2016-11-04","0.00","0.0","0.0","81","57","58",
"USC00311677","CHAPEL HILL 2 W, NC US","2016-11-05","0.00",,,"68","39","39",
"USC00311677","CHAPEL HILL 2 W, NC US","2016-11-06","0.00",,,"66","38","39",
"USC00311677","CHAPEL HILL 2 W, NC US","2016-11-07","0.00","0.0","0.0","70","39","41",
"USC00311677","CHAPEL HILL 2 W, NC US","2016-11-08","0.00","0.0","0.0","64","34","37",
"USC00311677","CHAPEL HILL 2 W, NC US","2016-11-09","0.00",,,"67","37","50",
"USC00311677","CHAPEL HILL 2 W, NC US","2016-11-10","0.01",,,"66","39","39",
"USC00311677","CHAPEL HILL 2 W, NC US","2016-11-11","0.00",,,"64","37","37",
"USC00311677","CHAPEL HILL 2 W, NC US","2016-11-12","0.00",,,"69","37","42",
"USC00311677","CHAPEL HILL 2 W, NC US","2016-11-13","0.00","0.0","0.0","54","25","31",
"USC00311677","CHAPEL HILL 2 W, NC US","2016-11-14","0.14",,,"63","31","46",
"USC00311677","CHAPEL HILL 2 W, NC US","2016-11-15","0.29",,,"50","35","36",
"USC00311677","CHAPEL HILL 2 W, NC US","2016-11-16","0.00",,,"54","36","37",
"USC00311677","CHAPEL HILL 2 W, NC US","2016-11-17","0.00",,,"68","37","43",
"USC00311677","CHAPEL HILL 2 W, NC US","2016-11-18","0.00","0.0","0.0","68","40","40",
"USC00311677","CHAPEL HILL 2 W, NC US","2016-11-19","0.00","0.0","0.0","76","40","42",
"USC00311677","CHAPEL HILL 2 W, NC US","2016-11-21","0.00",,,"52","27","28",
"USC00311677","CHAPEL HILL 2 W, NC US","2016-11-22","0.00","0.0","0.0","53","27","32",
"USC00311677","CHAPEL HILL 2 W, NC US","2016-11-23","0.00","0.0","0.0","56","27","27",
"USC00311677","CHAPEL HILL 2 W, NC US","2016-11-24","0.04",,,"59","27","46",
"USC00311677","CHAPEL HILL 2 W, NC US","2016-11-25","0.03",,,"71","46","51",
"USC00311677","CHAPEL HILL 2 W, NC US","2016-11-27","0.00",,,"56","29","30",
"USC00311677","CHAPEL HILL 2 W, NC US","2016-11-28","0.00","0.0","0.0","54","30","31",
"USC00311677","CHAPEL HILL 2 W, NC US","2016-11-29","0.00","0.0","0.0","64","30","63",
"USC00311677","CHAPEL HILL 2 W, NC US","2016-11-30","0.00","0.0","0.0","69","63","64",
"USC00311677","CHAPEL HILL 2 W, NC US","2016-12-02","0.00",,,"63","33","34",
"USC00311677","CHAPEL HILL 2 W, NC US","2016-12-03","0.00",,,"57","34","38",
"USC00311677","CHAPEL HILL 2 W, NC US","2016-12-04","0.00",,,"52","38","41",
"USC00311677","CHAPEL HILL 2 W, NC US","2016-12-05","0.63",,,"44","40","43",
"USC00311677","CHAPEL HILL 2 W, NC US","2016-12-07","0.37",,,"46","35","35",
"USC00311677","CHAPEL HILL 2 W, NC US","2016-12-08","0.00","0.0","0.0","59","35","48",
"USC00311677","CHAPEL HILL 2 W, NC US","2016-12-09","0.00","0.0","0.0","50","29","31",
"USC00311677","CHAPEL HILL 2 W, NC US","2016-12-10","0.00","0.0","0.0","39","20","20",
"USC00311677","CHAPEL HILL 2 W, NC US","2016-12-11","0.00","0.0","0.0","41","20","21",
"USC00311677","CHAPEL HILL 2 W, NC US","2016-12-12","0.03",,,"44","20","44",
"USC00311677","CHAPEL HILL 2 W, NC US","2016-12-13","0.00",,,"61","36","37",
"USC00311677","CHAPEL HILL 2 W, NC US","2016-12-14","0.02",,,"53","37","44",
"USC00311677","CHAPEL HILL 2 W, NC US","2016-12-15","0.00",,,"50","31","38",
"USC00311677","CHAPEL HILL 2 W, NC US","2016-12-16","0.00",,,"40","19","22",
"USC00311677","CHAPEL HILL 2 W, NC US","2016-12-17","0.00","0.0","0.0","30","21","27",
"USC00311677","CHAPEL HILL 2 W, NC US","2016-12-18","0.00","0.0","0.0","63","27","62",
"USC00311677","CHAPEL HILL 2 W, NC US","2016-12-19","0.31",,,"73","34","34",
"USC00311677","CHAPEL HILL 2 W, NC US","2016-12-20","0.00","0.0","0.0","37","30","30",
"USC00311677","CHAPEL HILL 2 W, NC US","2016-12-21","0.00","0.0","0.0","43","23","27",
"USC00311677","CHAPEL HILL 2 W, NC US","2016-12-22","0.00","0.0","0.0","58","27","40",
"USC00311677","CHAPEL HILL 2 W, NC US","2016-12-23","0.00",,,"65","32","40",
"USC00311677","CHAPEL HILL 2 W, NC US","2016-12-24","0.00",,,"51","34","44",
"USC00311677","CHAPEL HILL 2 W, NC US","2016-12-25","0.01",,,"58","42","48",
"USC00311677","CHAPEL HILL 2 W, NC US","2016-12-26","0.00","0.0","0.0","57","46","46",
"USC00311677","CHAPEL HILL 2 W, NC US","2016-12-27","0.01",,,"59","46","53",
"USC00311677","CHAPEL HILL 2 W, NC US","2016-12-28","0.02",,,"69","38","38",
"USC00311677","CHAPEL HILL 2 W, NC US","2016-12-29","0.17",,,"60","34","45",
"USC00311677","CHAPEL HILL 2 W, NC US","2016-12-30","0.00",,,"62","36","36",
"USC00311677","CHAPEL HILL 2 W, NC US","2017-01-01","0.15",,,"48","24","40",
"USC00311677","CHAPEL HILL 2 W, NC US","2017-01-02","1.10",,,"49","40","48",
"USC00311677","CHAPEL HILL 2 W, NC US","2017-01-03","0.14",,,"49","45","45",
"USC00311677","CHAPEL HILL 2 W, NC US","2017-01-04","0.00",,,"55","44","52",
"USC00311677","CHAPEL HILL 2 W, NC US","2017-01-05","0.00",,,"60","28","28",
"USC00311677","CHAPEL HILL 2 W, NC US","2017-01-06","0.00",,,"41","28","38",
"USC00311677","CHAPEL HILL 2 W, NC US","2017-01-07","0.40","3.0","4.0","40","25","25",
"USC00311677","CHAPEL HILL 2 W, NC US","2017-01-08","0.21","0.0","0.0","27","14","14",
"USC00311677","CHAPEL HILL 2 W, NC US","2017-01-09","0.00",,,"25","8","8",
"USC00311677","CHAPEL HILL 2 W, NC US","2017-01-10","0.00",,,"29","8","22",
"USC00311677","CHAPEL HILL 2 W, NC US","2017-01-11","0.00",,,"47","22","37",
"USC00311677","CHAPEL HILL 2 W, NC US","2017-01-12","0.00","0.0","0.0","54","37","51",
"USC00311677","CHAPEL HILL 2 W, NC US","2017-01-13","0.00","0.0","0.0","71","47","47",
"USC00311677","CHAPEL HILL 2 W, NC US","2017-01-14","0.00",,,"74","46","46",
"USC00311677","CHAPEL HILL 2 W, NC US","2017-01-16","0.06",,,"57","43","44",
"USC00311677","CHAPEL HILL 2 W, NC US","2017-01-17","0.00",,,"50","43","48",
"USC00311677","CHAPEL HILL 2 W, NC US","2017-01-18","0.05","0.0","0.0","63","48","57",
"USC00311677","CHAPEL HILL 2 W, NC US","2017-01-19","0.00","0.0","0.0","67","34","48",
"USC00311677","CHAPEL HILL 2 W, NC US","2017-01-20","0.00",,,"63","40","46",
"USC00311677","CHAPEL HILL 2 W, NC US","2017-01-21","0.11",,,"57","46","51",
"USC00311677","CHAPEL HILL 2 W, NC US","2017-01-22","0.36",,,"53","50","51",
"USC00311677","CHAPEL HILL 2 W, NC US","2017-01-23","0.65","0.0","0.0","55","50","52",
"USC00311677","CHAPEL HILL 2 W, NC US","2017-01-24","0.22","0.0","0.0","60","40","40",
"USC00311677","CHAPEL HILL 2 W, NC US","2017-01-25","0.00",,,"61","34","34",
"USC00311677","CHAPEL HILL 2 W, NC US","2017-01-26","0.02",,,"73","34","59",
"USC00311677","CHAPEL HILL 2 W, NC US","2017-01-27","0.00",,,"68","32","32",
"USC00311677","CHAPEL HILL 2 W, NC US","2017-01-28","0.00",,,"49","26","26",
"USC00311677","CHAPEL HILL 2 W, NC US","2017-01-29","0.00",,,"51","26","30",
"USC00311677","CHAPEL HILL 2 W, NC US","2017-01-30","0.00",,,"52","28","31",
"USC00311677","CHAPEL HILL 2 W, NC US","2017-01-31","0.00",,,"45","26","37",
"USC00311677","CHAPEL HILL 2 W, NC US","2017-02-01","0.00",,,"65","37","39",
"USC00311677","CHAPEL HILL 2 W, NC US","2017-02-02","0.01",,,"69","37","37",
"USC00311677","CHAPEL HILL 2 W, NC US","2017-02-04","0.00","0.0","0.0","58","24","34",
"USC00311677","CHAPEL HILL 2 W, NC US","2017-02-05","0.00","0.0","0.0","43","26","30",
"USC00311677","CHAPEL HILL 2 W, NC US","2017-02-06","0.05",,,"58","30","32",
"USC00311677","CHAPEL HILL 2 W, NC US","2017-02-07","0.00",,,"68","32","51",
"USC00311677","CHAPEL HILL 2 W, NC US","2017-02-08","0.13",,,"74","51","53",
"USC00311677","CHAPEL HILL 2 W, NC US","2017-02-10","0.00","0.0","0.0","50","26","28",
"USC00311677","CHAPEL HILL 2 W, NC US","2017-02-11","0.00",,,"50","28","44",
"USC00311677","CHAPEL HILL 2 W, NC US","2017-02-12","0.00",,,"73","44","60",
"USC00311677","CHAPEL HILL 2 W, NC US","2017-02-13","0.04",,,"81","45","45",
"USC00311677","CHAPEL HILL 2 W, NC US","2017-02-14","0.00",,,"59","29","29",
"USC00311677","CHAPEL HILL 2 W, NC US","2017-02-15","0.00",,,"63","29","49",
"USC00311677","CHAPEL HILL 2 W, NC US","2017-02-16","0.31",,,"55","34","35",
"USC00311677","CHAPEL HILL 2 W, NC US","2017-02-18","0.00",,,"66","35","35",
"USC00311677","CHAPEL HILL 2 W, NC US","2017-02-19","0.00",,,"72","35","50",
"USC00311677","CHAPEL HILL 2 W, NC US","2017-02-20","0.00","0.0","0.0","70","41","41",
"USC00311677","CHAPEL HILL 2 W, NC US","2017-02-21","0.00","0.0","0.0","71","41","45",
"USC00311677","CHAPEL HILL 2 W, NC US","2017-02-22","0.00",,,"64","45","51",
"USC00311677","CHAPEL HILL 2 W, NC US","2017-02-24","0.00",,,"74","46","46",
"USC00311677","CHAPEL HILL 2 W, NC US","2017-02-26","0.00",,,"80","34","35",
"USC00311677","CHAPEL HILL 2 W, NC US","2017-02-27","0.00",,,"55","30","38",
"USC00311677","CHAPEL HILL 2 W, NC US","2017-02-28","0.00",,,"64","38","50",
"USC00311677","CHAPEL HILL 2 W, NC US","2017-03-01","0.00",,,"75","50","63",
"USC00311677","CHAPEL HILL 2 W, NC US","2017-03-02","0.93",,,"76","45","45",
"USC00311677","CHAPEL HILL 2 W, NC US","2017-03-03","0.01","0.0","0.0","57","42","42",
"USC00311677","CHAPEL HILL 2 W, NC US","2017-03-04","0.00","0.0","0.0","52","24","28",
"USC00311677","CHAPEL HILL 2 W, NC US","2017-03-05","0.00","0.0","0.0","52","28","32",
"USC00311677","CHAPEL HILL 2 W, NC US","2017-03-06","0.00",,,"52","30","30",
"USC00311677","CHAPEL HILL 2 W, NC US","2017-03-07","0.00",,,"64","30","49",
"USC00311677","CHAPEL HILL 2 W, NC US","2017-03-08","0.00","0.0","0.0","72","49","50",
"USC00311677","CHAPEL HILL 2 W, NC US","2017-03-09","0.00","0.0","0.0","68","38","39",
"USC00311677","CHAPEL HILL 2 W, NC US","2017-03-10","0.00","0.0","0.0","75","39","54",
"USC00311677","CHAPEL HILL 2 W, NC US","2017-03-11","0.02",,,"67","30","30",
"USC00311677","CHAPEL HILL 2 W, NC US","2017-03-12","0.00",,,"49","30","32",
"USC00311677","CHAPEL HILL 2 W, NC US","2017-03-13","0.04",,,"49","28","28",
"USC00311677","CHAPEL HILL 2 W, NC US","2017-03-14","0.94","0.0","0.0","41","28","35",
"USC00311677","CHAPEL HILL 2 W, NC US","2017-03-15","0.00","0.0","0.0","52","22","23",
"USC00311677","CHAPEL HILL 2 W, NC US","2017-03-16","0.00","0.0","0.0","38","22","23",
"USC00311677","CHAPEL HILL 2 W, NC US","2017-03-17","0.00","0.0","0.0","48","22","24",
"USC00311677","CHAPEL HILL 2 W, NC US","2017-03-18","0.11","0.0","0.0","56","24","45",
"USC00311677","CHAPEL HILL 2 W, NC US","2017-03-19","0.10",,,"64","40","40",
"USC00311677","CHAPEL HILL 2 W, NC US","2017-03-20","0.00","0.0","0.0","56","30","30",
"USC00311677","CHAPEL HILL 2 W, NC US","2017-03-21","0.00","0.0","0.0","65","30","49",
"USC00311677","CHAPEL HILL 2 W, NC US","2017-03-22","0.20","0.0","0.0","81","49","55",
"USC00311677","CHAPEL HILL 2 W, NC US","2017-03-23","0.00","0.0","0.0","62","33","36",
"USC00311677","CHAPEL HILL 2 W, NC US","2017-03-24","0.00",,,"55","35","35",
"USC00311677","CHAPEL HILL 2 W, NC US","2017-03-25","0.00",,,"71","35","52",
"USC00311677","CHAPEL HILL 2 W, NC US","2017-03-26","0.00",,,"75","51","51",
"USC00311677","CHAPEL HILL 2 W, NC US","2017-03-27","0.00",,,"74","50","59",
"USC00311677","CHAPEL HILL 2 W, NC US","2017-03-28","0.13",,,"79","58","60",
"USC00311677","CHAPEL HILL 2 W, NC US","2017-03-29","0.20",,,"78","57","58",
"USC00311677","CHAPEL HILL 2 W, NC US","2017-03-30","0.00",,,"71","54","54",
"USC00311677","CHAPEL HILL 2 W, NC US","2017-03-31","0.25","0.0","0.0","66","54","62",
"USC00311677","CHAPEL HILL 2 W, NC US","2017-04-01","0.00","0.0","0.0","78","52","55",
"USC00311677","CHAPEL HILL 2 W, NC US","2017-04-02","0.00","0.0","0.0","74","48","48",
"USC00311677","CHAPEL HILL 2 W, NC US","2017-04-03","0.00",,,"67","48","49",
"USC00311677","CHAPEL HILL 2 W, NC US","2017-04-04","0.44",,,"75","49","62",
"USC00311677","CHAPEL HILL 2 W, NC US","2017-04-05","0.00","0.0","0.0","81","52","53",
"USC00311677","CHAPEL HILL 2 W, NC US","2017-04-06","0.39",,,"82","52","60",
"USC00311677","CHAPEL HILL 2 W, NC US","2017-04-07","0.08","0.0","0.0","66","45","47",
"USC00311677","CHAPEL HILL 2 W, NC US","2017-04-08","0.00",,,"57","34","35",
"USC00311677","CHAPEL HILL 2 W, NC US","2017-04-09","0.00",,,"66","35","42",
"USC00311677","CHAPEL HILL 2 W, NC US","2017-04-10","0.00",,,"77","42","52",
"USC00311677","CHAPEL HILL 2 W, NC US","2017-04-11","0.00","0.0","0.0","77","51","57",
"USC00311677","CHAPEL HILL 2 W, NC US","2017-04-12","0.00","0.0","0.0","81","57","59",
"USC00311677","CHAPEL HILL 2 W, NC US","2017-04-13","0.00","0.0","0.0","80","52","59",
"USC00311677","CHAPEL HILL 2 W, NC US","2017-04-14","0.00",,,"79","52","54",
"USC00311677","CHAPEL HILL 2 W, NC US","2017-04-15","0.00",,,"79","52","58",
"USC00311677","CHAPEL HILL 2 W, NC US","2017-04-16","0.00",,,"83","58","60",
"USC00311677","CHAPEL HILL 2 W, NC US","2017-04-17","0.00","0.0","0.0","81","60","63",
"USC00311677","CHAPEL HILL 2 W, NC US","2017-04-18","0.00","0.0","0.0","85","62","62",
"USC00311677","CHAPEL HILL 2 W, NC US","2017-04-20","0.00","0.0","0.0","66","55","58",
"USC00311677","CHAPEL HILL 2 W, NC US","2017-04-21","0.00","0.0","0.0","84","58","66",
"USC00311677","CHAPEL HILL 2 W, NC US","2017-04-22","0.42",,,"88","63","64",
"USC00311677","CHAPEL HILL 2 W, NC US","2017-04-23","0.16",,,"85","52","52",
"USC00311677","CHAPEL HILL 2 W, NC US","2017-04-24","1.00",,,"53","51","52",
"USC00311677","CHAPEL HILL 2 W, NC US","2017-04-25","2.00","0.0","0.0","57","51","56",
"USC00311677","CHAPEL HILL 2 W, NC US","2017-04-26","0.00","0.0","0.0","65","54","56",
"USC00311677","CHAPEL HILL 2 W, NC US","2017-04-27","0.00","0.0","0.0","80","56","64",
"USC00311677","CHAPEL HILL 2 W, NC US","2017-04-28","0.00",,,"82","64","65",
"USC00311677","CHAPEL HILL 2 W, NC US","2017-04-29","0.00","0.0","0.0","87","65","72",
"USC00311677","CHAPEL HILL 2 W, NC US","2017-04-30","0.00","0.0","0.0","89","67","69",
"USC00311677","CHAPEL HILL 2 W, NC US","2017-05-01","0.00",,,"85","68","69",
"USC00311677","CHAPEL HILL 2 W, NC US","2017-05-02","0.37",,,"83","58","59",
"USC00311677","CHAPEL HILL 2 W, NC US","2017-05-03","0.00","0.0","0.0","76","52","63",
"USC00311677","CHAPEL HILL 2 W, NC US","2017-05-04","0.00","0.0","0.0","78","55","57",
"USC00311677","CHAPEL HILL 2 W, NC US","2017-05-05","1.56","0.0","0.0","76","57","63",
"USC00311677","CHAPEL HILL 2 W, NC US","2017-05-08","0.00",,,"69","44","46",
"USC00311677","CHAPEL HILL 2 W, NC US","2017-05-09","0.01",,,"71","44","48",
"USC00311677","CHAPEL HILL 2 W, NC US","2017-05-10","0.28","0.0","0.0","62","48","56",
"USC00311677","CHAPEL HILL 2 W, NC US","2017-05-11","0.00","0.0","0.0","83","55","65",
"USC00311677","CHAPEL HILL 2 W, NC US","2017-05-12","0.60","0.0","0.0","84","53","54",
"USC00311677","CHAPEL HILL 2 W, NC US","2017-05-13","0.40","0.0","0.0","56","51","52",
"USC00311677","CHAPEL HILL 2 W, NC US","2017-05-14","0.00",,,"66","49","52",
"USC00311677","CHAPEL HILL 2 W, NC US","2017-05-15","0.00","0.0","0.0","81","52","67",
"USC00311677","CHAPEL HILL 2 W, NC US","2017-05-16","0.00","0.0","0.0","84","56","62",
"USC00311677","CHAPEL HILL 2 W, NC US","2017-05-17","0.00","0.0","0.0","85","62","72",
"USC00311677","CHAPEL HILL 2 W, NC US","2017-05-18","0.00",,,"89","66","68",
"USC00311677","CHAPEL HILL 2 W, NC US","2017-05-19","0.00",,,"86","67","68",
"USC00311677","CHAPEL HILL 2 W, NC US","2017-05-21","0.00",,,"90","60","60",
"USC00311677","CHAPEL HILL 2 W, NC US","2017-05-22","0.45","0.0","0.0","73","59","67",
"USC00311677","CHAPEL HILL 2 W, NC US","2017-05-23","0.90","0.0","0.0","80","65","67",
"USC00311677","CHAPEL HILL 2 W, NC US","2017-05-24","0.55",,,"69","62","63",
"USC00311677","CHAPEL HILL 2 W, NC US","2017-05-25","0.68",,,"72","59","60",
"USC00311677","CHAPEL HILL 2 W, NC US","2017-05-26","0.00","0.0","0.0","74","57","64",
"USC00311677","CHAPEL HILL 2 W, NC US","2017-05-27","0.00","0.0","0.0","80","58","64",
"USC00311677","CHAPEL HILL 2 W, NC US","2017-05-28","0.10","0.0","0.0","88","64","67",
"USC00311677","CHAPEL HILL 2 W, NC US","2017-05-29","0.00",,,"85","63","63",
"USC00311677","CHAPEL HILL 2 W, NC US","2017-05-30","0.15",,,"86","63","66",
"USC00311677","CHAPEL HILL 2 W, NC US","2017-05-31","0.00",,,"81","66","67",
"USC00311677","CHAPEL HILL 2 W, NC US","2017-06-01","0.00","0.0","0.0","85","62","68",
"USC00311677","CHAPEL HILL 2 W, NC US","2017-06-02","0.00","0.0","0.0","83","65","69",
"USC00311677","CHAPEL HILL 2 W, NC US","2017-06-03","0.00",,,"84","58","62",
"USC00311677","CHAPEL HILL 2 W, NC US","2017-06-05","0.53",,,"90","61","69",
"USC00311677","CHAPEL HILL 2 W, NC US","2017-06-06","1.72",,,"81","63","64",
"USC00311677","CHAPEL HILL 2 W, NC US","2017-06-07","0.02","0.0","0.0","81","62","64",
"USC00311677","CHAPEL HILL 2 W, NC US","2017-06-08","0.00","0.0","0.0","75","54","55",
"USC00311677","CHAPEL HILL 2 W, NC US","2017-06-09","0.00","0.0","0.0","71","53","61",
"USC00311677","CHAPEL HILL 2 W, NC US","2017-06-10","0.00","0.0","0.0","82","61","69",
"USC00311677","CHAPEL HILL 2 W, NC US","2017-06-11","0.00",,,"88","66","69",
"USC00311677","CHAPEL HILL 2 W, NC US","2017-06-12","0.00","0.0","0.0","88","66","72",
"USC00311677","CHAPEL HILL 2 W, NC US","2017-06-14","0.00","0.0","0.0","87","66","72",
"USC00311677","CHAPEL HILL 2 W, NC US","2017-06-16","0.00",,,"90","70","74",
"USC00311677","CHAPEL HILL 2 W, NC US","2017-06-17","0.78",,,"88","70","72",
"USC00311677","CHAPEL HILL 2 W, NC US","2017-06-18","0.45",,,"84","72","74",
"USC00311677","CHAPEL HILL 2 W, NC US","2017-06-19","0.04",,,"89","72","75",
"USC00311677","CHAPEL HILL 2 W, NC US","2017-06-20","1.32",,,"91","66","68",
"USC00311677","CHAPEL HILL 2 W, NC US","2017-06-21","0.53",,,"82","65","67",
"USC00311677","CHAPEL HILL 2 W, NC US","2017-06-22","0.01","0.0","0.0","84","67","72",
"USC00311677","CHAPEL HILL 2 W, NC US","2017-06-23","0.05","0.0","0.0","81","71","73",
"USC00311677","CHAPEL HILL 2 W, NC US","2017-06-24","0.30","0.0","0.0","90","73","76",
"USC00311677","CHAPEL HILL 2 W, NC US","2017-06-25","0.08",,,"88","68","68",
"USC00311677","CHAPEL HILL 2 W, NC US","2017-06-26","0.00",,,"83","59","59",
"USC00311677","CHAPEL HILL 2 W, NC US","2017-06-27","0.00",,,"83","59","63",
"USC00311677","CHAPEL HILL 2 W, NC US","2017-06-28","0.00","0.0","0.0","81","57","66",
"USC00311677","CHAPEL HILL 2 W, NC US","2017-06-29","0.00","0.0","0.0","82","60","64",
"USC00311677","CHAPEL HILL 2 W, NC US","2017-06-30","0.00","0.0","0.0","86","64","70",
"USC00311677","CHAPEL HILL 2 W, NC US","2017-07-01","0.80","0.0","0.0","83","70","73",
"USC00311677","CHAPEL HILL 2 W, NC US","2017-07-02","0.00","0.0","0.0","88","70","74",
"USC00311677","CHAPEL HILL 2 W, NC US","2017-07-03","0.01",,,"91","72","73",
"USC00311677","CHAPEL HILL 2 W, NC US","2017-07-04","0.00","0.0","0.0","90","70","72",
"USC00311677","CHAPEL HILL 2 W, NC US","2017-07-07","0.00",,,"93","72","72",
"USC00311677","CHAPEL HILL 2 W, NC US","2017-07-08","0.00","0.0","0.0","90","72","75",
"USC00311677","CHAPEL HILL 2 W, NC US","2017-07-09","0.10",,,"93","68","70",
"USC00311677","CHAPEL HILL 2 W, NC US","2017-07-10","0.00","0.0","0.0","89","63","70",
"USC00311677","CHAPEL HILL 2 W, NC US","2017-07-11","0.00","0.0","0.0","91","70","72",
"USC00311677","CHAPEL HILL 2 W, NC US","2017-07-12","0.00",,,"93","72","76",
"USC00311677","CHAPEL HILL 2 W, NC US","2017-07-13","0.00",,,"93","76","77",
"USC00311677","CHAPEL HILL 2 W, NC US","2017-07-14","0.00",,,"95","76","76",
"USC00311677","CHAPEL HILL 2 W, NC US","2017-07-15","0.00",,,"96","74","74",
"USC00311677","CHAPEL HILL 2 W, NC US","2017-07-16","0.00",,,"92","72","72",
"USC00311677","CHAPEL HILL 2 W, NC US","2017-07-17","0.00",,,"91","70","71",
"USC00311677","CHAPEL HILL 2 W, NC US","2017-07-18","0.00",,,"81","71","72",
"USC00311677","CHAPEL HILL 2 W, NC US","2017-07-19","0.05",,,"88","61","67",
"USC00311677","CHAPEL HILL 2 W, NC US","2017-07-20","0.00",,,"92","67","75",
"USC00311677","CHAPEL HILL 2 W, NC US","2017-07-21","0.00",,,"94","73","74",
"USC00311677","CHAPEL HILL 2 W, NC US","2017-07-23","0.00","0.0","0.0","98","76","78",
"USC00311677","CHAPEL HILL 2 W, NC US","2017-07-24","2.00","0.0","0.0","98","69","71",
"USC00311677","CHAPEL HILL 2 W, NC US","2017-07-25","0.00","0.0",,"90","71","73",
"USC00311677","CHAPEL HILL 2 W, NC US","2017-07-26","0.00",,,"89","72","72",
"USC00311677","CHAPEL HILL 2 W, NC US","2017-07-27","0.00",,,"88","71","71",
"USC00311677","CHAPEL HILL 2 W, NC US","2017-07-28","0.00",,,"90","71","75",
"USC00311677","CHAPEL HILL 2 W, NC US","2017-07-29","0.38",,,"91","73","73",
"USC00311677","CHAPEL HILL 2 W, NC US","2017-07-30","0.00",,,"82","65","65",
"USC00311677","CHAPEL HILL 2 W, NC US","2017-07-31","0.00",,,"83","58","58",
"USC00311677","CHAPEL HILL 2 W, NC US","2017-08-01","0.00",,,"85","58","61",
"USC00311677","CHAPEL HILL 2 W, NC US","2017-08-02","0.00","0.0","0.0","86","60","66",
"USC00311677","CHAPEL HILL 2 W, NC US","2017-08-04","0.00",,,"91","68","68",
"USC00311677","CHAPEL HILL 2 W, NC US","2017-08-05","0.05","0.0",,"91","66","68",
"USC00311677","CHAPEL HILL 2 W, NC US","2017-08-06","0.00","0.0",,"88","64","65",
"USC00311677","CHAPEL HILL 2 W, NC US","2017-08-07","0.00","0.0","0.0","88","64","72",
"USC00311677","CHAPEL HILL 2 W, NC US","2017-08-08","0.92","0.0","0.0","87","71","71",
"USC00311677","CHAPEL HILL 2 W, NC US","2017-08-09","0.30",,,"78","65","66",
"USC00311677","CHAPEL HILL 2 W, NC US","2017-08-11","0.00","0.0",,"86","62","71",
"USC00311677","CHAPEL HILL 2 W, NC US","2017-08-12","0.37",,,"88","71","74",
"USC00311677","CHAPEL HILL 2 W, NC US","2017-08-13","0.67",,,"88","71","71",
"USC00311677","CHAPEL HILL 2 W, NC US","2017-08-14","0.00",,,"80","71","72",
"USC00311677","CHAPEL HILL 2 W, NC US","2017-08-15","0.05","0.0",,"86","71","73",
"USC00311677","CHAPEL HILL 2 W, NC US","2017-08-16","0.00",,,"91","72","73",
"USC00311677","CHAPEL HILL 2 W, NC US","2017-08-17","0.00","0.0",,"90","73","76",
"USC00311677","CHAPEL HILL 2 W, NC US","2017-08-18","0.00",,,"94","74","75",
"USC00311677","CHAPEL HILL 2 W, NC US","2017-08-19","0.12",,,"96","72","72",
"USC00311677","CHAPEL HILL 2 W, NC US","2017-08-20","0.00","0.0","0.0","90","68","69",
"USC00311677","CHAPEL HILL 2 W, NC US","2017-08-21","0.00","0.0",,"94","69","73",
"USC00311677","CHAPEL HILL 2 W, NC US","2017-08-22","0.00","0.0",,"91","72","72",
"USC00311677","CHAPEL HILL 2 W, NC US","2017-08-23","0.00",,,"94","72","74",
"USC00311677","CHAPEL HILL 2 W, NC US","2017-08-24","0.24",,,"92","72","72",
"USC00311677","CHAPEL HILL 2 W, NC US","2017-08-25","0.00","0.0","0.0","82","66","67",
"USC00311677","CHAPEL HILL 2 W, NC US","2017-08-26","0.60",,,"85","67","69",
"USC00311677","CHAPEL HILL 2 W, NC US","2017-08-27","0.00","0.0",,"83","64","65",
"USC00311677","CHAPEL HILL 2 W, NC US","2017-08-28","0.00",,,"82","63","63",
"USC00311677","CHAPEL HILL 2 W, NC US","2017-08-29","0.16","0.0","0.0","78","62","64",
"USC00311677","CHAPEL HILL 2 W, NC US","2017-08-30","0.03",,,"69","59","59",
"USC00311677","CHAPEL HILL 2 W, NC US","2017-08-31","0.00","0.0","0.0","83","58","70",
"USC00311677","CHAPEL HILL 2 W, NC US","2017-09-01","0.07",,,"85","69","69",
"USC00311677","CHAPEL HILL 2 W, NC US","2017-09-02","1.40","0.0",,"78","60","60",
"USC00311677","CHAPEL HILL 2 W, NC US","2017-09-03","0.00","0.0",,"83","60","62",
"USC00311677","CHAPEL HILL 2 W, NC US","2017-09-04","0.00","0.0","0.0","81","59","59",
"USC00311677","CHAPEL HILL 2 W, NC US","2017-09-05","0.00","0.0","0.0","85","59","66",
"USC00311677","CHAPEL HILL 2 W, NC US","2017-09-06","0.00",,,"89","66","68",
"USC00311677","CHAPEL HILL 2 W, NC US","2017-09-08","0.00","0.0",,"75","51","60",
"USC00311677","CHAPEL HILL 2 W, NC US","2017-09-09","0.00",,,"76","51","51",
"USC00311677","CHAPEL HILL 2 W, NC US","2017-09-12","0.24",,,"66","60","63",
"USC00311677","CHAPEL HILL 2 W, NC US","2017-09-13","0.50","0.0",,"81","61","61",
"USC00311677","CHAPEL HILL 2 W, NC US","2017-09-14","0.01",,,"83","61","68",
"USC00311677","CHAPEL HILL 2 W, NC US","2017-09-16","0.00","0.0","0.0","84","63","66",
"USC00311677","CHAPEL HILL 2 W, NC US","2017-09-17","0.00","0.0","0.0","83","63","64",
"USC00311677","CHAPEL HILL 2 W, NC US","2017-09-18","0.00","0.0",,"85","64","66",
"USC00311677","CHAPEL HILL 2 W, NC US","2017-09-19","0.00","0.0",,"84","65","65",
"USC00311677","CHAPEL HILL 2 W, NC US","2017-09-20","0.00",,,"84","64","65",
"USC00311677","CHAPEL HILL 2 W, NC US","2017-09-21","0.00",,,"90","65","66",
"USC00311677","CHAPEL HILL 2 W, NC US","2017-09-22","0.00","0.0","0.0","88","63","64",
"USC00311677","CHAPEL HILL 2 W, NC US","2017-09-23","0.00","0.0","0.0","88","63","63",
"USC00311677","CHAPEL HILL 2 W, NC US","2017-09-25","0.00",,,"87","63","67",
"USC00311677","CHAPEL HILL 2 W, NC US","2017-09-26","0.00",,,"85","67","69",
"USC00311677","CHAPEL HILL 2 W, NC US","2017-09-27","0.00","0.0","0.0","84","66","71",
"USC00311677","CHAPEL HILL 2 W, NC US","2017-09-28","0.00","0.0","0.0","90","66","68",
"USC00311677","CHAPEL HILL 2 W, NC US","2017-09-29","0.00",,,"92","65","65",
"USC00311677","CHAPEL HILL 2 W, NC US","2017-09-30","0.00","0.0",,"74","56","58",
"USC00311677","CHAPEL HILL 2 W, NC US","2017-10-01","0.00","0.0",,"76","48","48",
"USC00311677","CHAPEL HILL 2 W, NC US","2017-10-02","0.00","0.0","0.0","71","47","48",
"USC00311677","CHAPEL HILL 2 W, NC US","2017-10-03","0.00","0.0","0.0","77","48","53",
"USC00311677","CHAPEL HILL 2 W, NC US","2017-10-06","0.00","0.0",,"84","53","56",
"USC00311677","CHAPEL HILL 2 W, NC US","2017-10-07","0.00",,,"84","56","59",
"USC00311677","CHAPEL HILL 2 W, NC US","2017-10-08","0.13",,,"84","58","73",
"USC00311677","CHAPEL HILL 2 W, NC US","2017-10-09","0.26",,,"86","73","74",
"USC00311677","CHAPEL HILL 2 W, NC US","2017-10-11","0.00","0.0",,"85","74","75",
"USC00311677","CHAPEL HILL 2 W, NC US","2017-10-12","0.00","0.0",,"87","72","72",
"USC00311677","CHAPEL HILL 2 W, NC US","2017-10-13","0.02",,,,"63","63",
"USC00311677","CHAPEL HILL 2 W, NC US","2017-10-14","0.00","0.0","0.0","69","61","61",
"USC00311677","CHAPEL HILL 2 W, NC US","2017-10-15","0.00","0.0","0.0","80","61","61",
"USC00311677","CHAPEL HILL 2 W, NC US","2017-10-16","0.00","0.0",,"83","61","67",
"USC00311677","CHAPEL HILL 2 W, NC US","2017-10-17","0.15","0.0",,"67","46","46",
"USC00311677","CHAPEL HILL 2 W, NC US","2017-10-18","0.00",,,"64","36","36",
"USC00311677","CHAPEL HILL 2 W, NC US","2017-10-19","0.00",,,"69","36","42",
"USC00311677","CHAPEL HILL 2 W, NC US","2017-10-20","0.00","0.0","0.0","76","42","45",
"USC00311677","CHAPEL HILL 2 W, NC US","2017-10-22","0.00",,,"80","47","51",
"USC00311677","CHAPEL HILL 2 W, NC US","2017-10-23","0.02",,,"79","50","62",
"USC00311677","CHAPEL HILL 2 W, NC US","2017-10-24","0.00","0.0","0.0","75","58","58",
"USC00311677","CHAPEL HILL 2 W, NC US","2017-10-26","0.00","0.0","0.0","64","42","43",
"USC00311677","CHAPEL HILL 2 W, NC US","2017-10-27","0.00",,,"62","38","38",
"USC00311677","CHAPEL HILL 2 W, NC US","2017-10-28","0.00","0.0",,"74","38","43",
"USC00311677","CHAPEL HILL 2 W, NC US","2017-10-29","0.10","0.0",,"74","43","62",
"USC00311677","CHAPEL HILL 2 W, NC US","2017-10-30","0.00","0.0","0.0","65","36","36",
"USC00311677","CHAPEL HILL 2 W, NC US","2017-10-31","0.00","0.0","0.0","59","36","37",
"USC00311677","CHAPEL HILL 2 W, NC US","2017-11-02","0.00",,,"74","42","57",
"USC00311677","CHAPEL HILL 2 W, NC US","2017-11-04","0.00","0.0",,"83","50","63",
"USC00311677","CHAPEL HILL 2 W, NC US","2017-11-05","0.00",,,"63","50","50",
"USC00311677","CHAPEL HILL 2 W, NC US","2017-11-08","0.05","0.0",,"63","43","44",
"USC00311677","CHAPEL HILL 2 W, NC US","2017-11-09","0.50","0.0",,"45","43","44",
"USC00311677","CHAPEL HILL 2 W, NC US","2017-11-10","0.07","0.0","0.0","49","41","41",
"USC00311677","CHAPEL HILL 2 W, NC US","2017-11-11","0.00","0.0","0.0","58","27","31",
"USC00311677","CHAPEL HILL 2 W, NC US","2017-11-12","0.00","0.0","0.0","46","29","31",
"USC00311677","CHAPEL HILL 2 W, NC US","2017-11-13","0.54",,,"47","31","43",
"USC00311677","CHAPEL HILL 2 W, NC US","2017-11-14","0.00","0.0",,"61","43","45",
"USC00311677","CHAPEL HILL 2 W, NC US","2017-11-16","0.00",,,"55","35","39",
"USC00311677","CHAPEL HILL 2 W, NC US","2017-11-17","0.00","0.0","0.0","67","35","41",
"USC00311677","CHAPEL HILL 2 W, NC US","2017-11-18","0.00","0.0","0.0","58","32","43",
"USC00311677","CHAPEL HILL 2 W, NC US","2017-11-19","0.08","0.0",,"68","43","51",
"USC00311677","CHAPEL HILL 2 W, NC US","2017-11-20","0.00",,,"58","28","29",
"USC00311677","CHAPEL HILL 2 W, NC US","2017-11-21","0.00",,,"58","29","33",
"USC00311677","CHAPEL HILL 2 W, NC US","2017-11-22","0.00","0.0","0.0","62","32","50",
"USC00311677","CHAPEL HILL 2 W, NC US","2017-11-25","0.00","0.0",,"60","27","31",
"USC00311677","CHAPEL HILL 2 W, NC US","2017-11-27","0.00","0.0","0.0","60","29","36",
"USC00311677","CHAPEL HILL 2 W, NC US","2017-11-30","0.00",,,"71","34","34",
"USC00311677","CHAPEL HILL 2 W, NC US","2017-12-01","0.00","0.0",,"70","33","43",
"USC00311677","CHAPEL HILL 2 W, NC US","2017-12-02","0.00",,,"64","43","46",
"USC00311677","CHAPEL HILL 2 W, NC US","2017-12-03","0.00",,,"53","45","45",
"USC00311677","CHAPEL HILL 2 W, NC US","2017-12-04","0.00",,,"66","33","33",
"USC00311677","CHAPEL HILL 2 W, NC US","2017-12-05","0.00",,,"62","32","43",
"USC00311677","CHAPEL HILL 2 W, NC US","2017-12-06","0.30","0.0",,"68","43","49",
"USC00311677","CHAPEL HILL 2 W, NC US","2017-12-07","0.00","0.0",,"49","41","41",
"USC00311677","CHAPEL HILL 2 W, NC US","2017-12-08","0.02",,,"49","39","39",
"USC00311677","CHAPEL HILL 2 W, NC US","2017-12-09","1.22","0.0","0.0","40","32","32",
"USC00311677","CHAPEL HILL 2 W, NC US","2017-12-10","0.15","0.0","0.0","33","27","27",
"USC00311677","CHAPEL HILL 2 W, NC US","2017-12-11","0.00","0.0",,"42","26","26",
"USC00311677","CHAPEL HILL 2 W, NC US","2017-12-12","0.00","0.0",,"56","26","38",
"USC00311677","CHAPEL HILL 2 W, NC US","2017-12-13","0.00",,,"53","22","22",
"USC00311677","CHAPEL HILL 2 W, NC US","2017-12-14","0.00",,,"44","22","34",
"USC00311677","CHAPEL HILL 2 W, NC US","2017-12-15","0.00","0.0","0.0","55","32","32",
"USC00311677","CHAPEL HILL 2 W, NC US","2017-12-16","0.00",,,"42","24","25",
"USC00311677","CHAPEL HILL 2 W, NC US","2017-12-17","0.00",,,"51","24","28",
"USC00311677","CHAPEL HILL 2 W, NC US","2017-12-18","0.02",,,"53","27","35",
"USC00311677","CHAPEL HILL 2 W, NC US","2017-12-19","0.00",,,"60","35","36",
"USC00311677","CHAPEL HILL 2 W, NC US","2017-12-20","0.01","0.0","0.0","73","35","53",
"USC00311677","CHAPEL HILL 2 W, NC US","2017-12-21","0.40","0.0","0.0","54","40","40",
"USC00311677","CHAPEL HILL 2 W, NC US","2017-12-22","0.00","0.0",,"53","33","33",
"USC00311677","CHAPEL HILL 2 W, NC US","2017-12-24","0.00","0.0",,"70","50","50",
"USC00311677","CHAPEL HILL 2 W, NC US","2017-12-25","0.00","0.0","0.0","50","37","37",
"USC00311677","CHAPEL HILL 2 W, NC US","2017-12-26","0.00","0.0","0.0","39","29","29",
"USC00311677","CHAPEL HILL 2 W, NC US","2017-12-27","0.00",,,"44","27","34",
"USC00311677","CHAPEL HILL 2 W, NC US","2017-12-28","0.00",,,"45","24","24",
"USC00311677","CHAPEL HILL 2 W, NC US","2017-12-29","0.00","0.0",,"30","14","15",
"USC00311677","CHAPEL HILL 2 W, NC US","2017-12-30","0.00",,,"42","14","31",
"USC00311677","CHAPEL HILL 2 W, NC US","2017-12-31","0.00",,,"51","24","24",
"USC00311677","CHAPEL HILL 2 W, NC US","2018-01-01","0.00",,,"26","14","14",
"USC00311677","CHAPEL HILL 2 W, NC US","2018-01-02","0.00","0.0",,"27","11","11",
"USC00311677","CHAPEL HILL 2 W, NC US","2018-01-03","0.00","0.0",,"31","9","14",
"USC00311677","CHAPEL HILL 2 W, NC US","2018-01-04","0.10",,,"32","14","21",
"USC00311677","CHAPEL HILL 2 W, NC US","2018-01-06","0.00",,,"30","10","10",
"USC00311677","CHAPEL HILL 2 W, NC US","2018-01-07","0.00","0.0","0.0","26","2","3",
"USC00311677","CHAPEL HILL 2 W, NC US","2018-01-08","0.00","0.0",,"29","2","16",
"USC00311677","CHAPEL HILL 2 W, NC US","2018-01-09","0.00",,,"46","15","31",
"USC00311677","CHAPEL HILL 2 W, NC US","2018-01-10","0.00",,,"64","31","44",
"USC00311677","CHAPEL HILL 2 W, NC US","2018-01-11","0.00",,,"61","42","44",
"USC00311677","CHAPEL HILL 2 W, NC US","2018-01-12","0.20",,,"65","44","65",
"USC00311677","CHAPEL HILL 2 W, NC US","2018-01-13","0.43","0.0","0.0","70","47","47",
"USC00311677","CHAPEL HILL 2 W, NC US","2018-01-14","0.00","0.0","0.0","47","22","22",
"USC00311677","CHAPEL HILL 2 W, NC US","2018-01-15","0.00",,,"33","16","16",
"USC00311677","CHAPEL HILL 2 W, NC US","2018-01-17","0.01",,,"48","18","36",
"USC00311677","CHAPEL HILL 2 W, NC US","2018-01-18",,"7.0","7.0","36","13","13",
"USC00311677","CHAPEL HILL 2 W, NC US","2018-01-19","0.00",,,"36","13","21",
"USC00311677","CHAPEL HILL 2 W, NC US","2018-01-20","0.00",,,"54","20","24",
"USC00311677","CHAPEL HILL 2 W, NC US","2018-01-21","0.00",,,"57","24","32",
"USC00311677","CHAPEL HILL 2 W, NC US","2018-01-22","0.00",,,"67","32","36",
"USC00311677","CHAPEL HILL 2 W, NC US","2018-01-23","0.86","0.0","0.0","62","36","62",
"USC00311677","CHAPEL HILL 2 W, NC US","2018-01-24","0.00","0.0","0.0","69","34","35",
"USC00311677","CHAPEL HILL 2 W, NC US","2018-01-25","0.00",,,"54","24","27",
"USC00311677","CHAPEL HILL 2 W, NC US","2018-01-26","0.00",,,"49","24","24",
"USC00311677","CHAPEL HILL 2 W, NC US","2018-01-27","0.00",,,"57","24","31",
"USC00311677","CHAPEL HILL 2 W, NC US","2018-01-28","0.20",,,"66","30","33",
"USC00311677","CHAPEL HILL 2 W, NC US","2018-01-29","1.27","0.0","0.0","59","33","50",
"USC00311677","CHAPEL HILL 2 W, NC US","2018-01-30","0.31",,,"50","30","32",
"USC00311677","CHAPEL HILL 2 W, NC US","2018-01-31","0.00",,,"39","19","19",
"USC00311677","CHAPEL HILL 2 W, NC US","2018-02-01","0.00",,,"47","19","33",
"USC00311677","CHAPEL HILL 2 W, NC US","2018-02-02","0.16",,,"60","33","38",
"USC00311677","CHAPEL HILL 2 W, NC US","2018-02-03","0.00",,,"43","19","20",
"USC00311677","CHAPEL HILL 2 W, NC US","2018-02-04","0.00",,,"42","19","35",
"USC00311677","CHAPEL HILL 2 W, NC US","2018-02-05","0.76",,,"53","34","34","    1"
"USC00311677","CHAPEL HILL 2 W, NC US","2018-02-06","0.00",,,"47","27","32",
"USC00311677","CHAPEL HILL 2 W, NC US","2018-02-07","0.01",,,"59","32","46",
"USC00311677","CHAPEL HILL 2 W, NC US","2018-02-08","0.30",,,"62","37","37",
"USC00311677","CHAPEL HILL 2 W, NC US","2018-02-09","0.00","0.0","0.0","50","26","26",
"USC00311677","CHAPEL HILL 2 W, NC US","2018-02-10","0.01","0.0","0.0","57","26","44",
"USC00311677","CHAPEL HILL 2 W, NC US","2018-02-11","0.22","0.0","0.0","67","43","66",
"USC00311677","CHAPEL HILL 2 W, NC US","2018-02-12","0.05","0.0","0.0","71","61","61",
"USC00311677","CHAPEL HILL 2 W, NC US","2018-02-13","0.08",,,"65","40","40",
"USC00311677","CHAPEL HILL 2 W, NC US","2018-02-14","0.00",,,"41","37","37",
"USC00311677","CHAPEL HILL 2 W, NC US","2018-02-15","0.01",,,"58","36","58",
"USC00311677","CHAPEL HILL 2 W, NC US","2018-02-16","0.00",,,"75","58","63",
"USC00311677","CHAPEL HILL 2 W, NC US","2018-02-17","0.01",,,"81","46","46",
"USC00311677","CHAPEL HILL 2 W, NC US","2018-02-18","0.05",,,"46","37","38",
"USC00311677","CHAPEL HILL 2 W, NC US","2018-02-19","0.06",,,"61","38","41",
"USC00311677","CHAPEL HILL 2 W, NC US","2018-02-20","0.13","0.0","0.0","50","41","50","    1"
"USC00311677","CHAPEL HILL 2 W, NC US","2018-02-21","0.02","0.0","0.0","74","50","64",
"USC00311677","CHAPEL HILL 2 W, NC US","2018-02-22","0.00",,,"76","63","64",
"USC00311677","CHAPEL HILL 2 W, NC US","2018-02-23","0.00",,,"78","53","53",
"USC00311677","CHAPEL HILL 2 W, NC US","2018-02-24","0.00",,,"69","51","60",
"USC00311677","CHAPEL HILL 2 W, NC US","2018-02-25","0.00",,,"79","60","63",
"USC00311677","CHAPEL HILL 2 W, NC US","2018-02-27","0.22",,,"62","33","33",
"USC00311677","CHAPEL HILL 2 W, NC US","2018-02-28","0.00",,,"61","33","43",
"USC00311677","CHAPEL HILL 2 W, NC US","2018-03-01","0.32",,,"58","43","50",
"USC00311677","CHAPEL HILL 2 W, NC US","2018-03-02","0.48",,,"56","45","46",
"USC00311677","CHAPEL HILL 2 W, NC US","2018-03-03","0.00",,,"54","35","36",
"USC00311677","CHAPEL HILL 2 W, NC US","2018-03-04","0.00",,,"57","34","34",
"USC00311677","CHAPEL HILL 2 W, NC US","2018-03-05","0.00",,,"56","27","28",
"USC00311677","CHAPEL HILL 2 W, NC US","2018-03-06","0.00",,,"55","28","36",
"USC00311677","CHAPEL HILL 2 W, NC US","2018-03-07","0.51",,,"42","36","38",
"USC00311677","CHAPEL HILL 2 W, NC US","2018-03-08","0.00",,,"52","27","28",
"USC00311677","CHAPEL HILL 2 W, NC US","2018-03-09","0.00",,,"46","25","27",
"USC00311677","CHAPEL HILL 2 W, NC US","2018-03-10","0.00","0.0","0.0","51","26","38",
"USC00311677","CHAPEL HILL 2 W, NC US","2018-03-11","0.01","0.0","0.0","53","38","44",
"USC00311677","CHAPEL HILL 2 W, NC US","2018-03-12","0.30",,,"45","36","36",
"USC00311677","CHAPEL HILL 2 W, NC US","2018-03-13","0.75",,,"36","30","34",
"USC00311677","CHAPEL HILL 2 W, NC US","2018-03-14","0.00",,,"48","31","33",
"USC00311677","CHAPEL HILL 2 W, NC US","2018-03-16","0.00","0.0","0.0","67","24","38",
"USC00311677","CHAPEL HILL 2 W, NC US","2018-03-17","0.00","0.0",,"68","33","34",
"USC00311677","CHAPEL HILL 2 W, NC US","2018-03-18","0.00","0.0",,"70","34","43",
"USC00311677","CHAPEL HILL 2 W, NC US","2018-03-19","0.00",,,"62","41","45",
"USC00311677","CHAPEL HILL 2 W, NC US","2018-03-20","0.83","0.0","0.0","65","45","56",
"USC00311677","CHAPEL HILL 2 W, NC US","2018-03-21","0.28","0.0","0.0","56","33","33",
"USC00311677","CHAPEL HILL 2 W, NC US","2018-03-22","0.07","0.0",,"43","32","36",
"USC00311677","CHAPEL HILL 2 W, NC US","2018-03-23","0.00","0.0",,"53","32","32",
"USC00311677","CHAPEL HILL 2 W, NC US","2018-03-24","0.00",,,"56","29","35",
"USC00311677","CHAPEL HILL 2 W, NC US","2018-03-25","0.98",,,"50","32","35",
"USC00311677","CHAPEL HILL 2 W, NC US","2018-03-27","0.00","0.0",,"54","33","37",
"USC00311677","CHAPEL HILL 2 W, NC US","2018-03-29","0.00",,,"76","45","58",
"USC00311677","CHAPEL HILL 2 W, NC US","2018-03-30","0.00",,,"80","58","65",
"USC00311677","CHAPEL HILL 2 W, NC US","2018-03-31","0.01",,,"72","41","42",
"USC00311677","CHAPEL HILL 2 W, NC US","2018-04-01","0.00",,,"66","42","45",
"USC00311677","CHAPEL HILL 2 W, NC US","2018-04-02","0.00","0.0",,"76","45","59",
"USC00311677","CHAPEL HILL 2 W, NC US","2018-04-03","0.00",,,"83","47","47",
"USC00311677","CHAPEL HILL 2 W, NC US","2018-04-04","0.00",,,"76","46","65",
"USC00311677","CHAPEL HILL 2 W, NC US","2018-04-05","0.00",,,"77","36","36",
"USC00311677","CHAPEL HILL 2 W, NC US","2018-04-06","0.00","0.0","0.0","60","34","43",
"USC00311677","CHAPEL HILL 2 W, NC US","2018-04-07","0.45","0.0","0.0","72","43","53",
"USC00311677","CHAPEL HILL 2 W, NC US","2018-04-08","0.64","0.0","0.0","56","32","32",
"USC00311677","CHAPEL HILL 2 W, NC US","2018-04-09","0.01",,,"52","32","43",
"USC00311677","CHAPEL HILL 2 W, NC US","2018-04-10","0.00",,,"59","41","45",
"USC00311677","CHAPEL HILL 2 W, NC US","2018-04-11","0.00",,,"63","42","43",
"USC00311677","CHAPEL HILL 2 W, NC US","2018-04-12","0.00","0.0","0.0","63","42","46",
"USC00311677","CHAPEL HILL 2 W, NC US","2018-04-13","0.00","0.0",,"76","46","54",
"USC00311677","CHAPEL HILL 2 W, NC US","2018-04-14","0.00","0.0",,"81","54","61",
"USC00311677","CHAPEL HILL 2 W, NC US","2018-04-15","0.02","0.0",,"83","60","66",
"USC00311677","CHAPEL HILL 2 W, NC US","2018-04-16","3.00",,,"81","49","49",
"USC00311677","CHAPEL HILL 2 W, NC US","2018-04-17","0.00","0.0","0.0","60","33","37",
"USC00311677","CHAPEL HILL 2 W, NC US","2018-04-18","0.00","0.0","0.0","63","37","43",
"USC00311677","CHAPEL HILL 2 W, NC US","2018-04-19","0.00","0.0",,"84","43","66",
"USC00311677","CHAPEL HILL 2 W, NC US","2018-04-20","0.00","0.0",,"75","36","36",
"USC00311677","CHAPEL HILL 2 W, NC US","2018-04-21","0.00",,,"65","35","38",
"USC00311677","CHAPEL HILL 2 W, NC US","2018-04-22","0.00",,,"69","38","42",
"USC00311677","CHAPEL HILL 2 W, NC US","2018-04-23","0.00","0.0","0.0","69","41","51",
"USC00311677","CHAPEL HILL 2 W, NC US","2018-04-24","1.00","0.0",,"65","51","54",
"USC00311677","CHAPEL HILL 2 W, NC US","2018-04-25","0.34","0.0",,"63","54","60",
"USC00311677","CHAPEL HILL 2 W, NC US","2018-04-26","0.00",,,"68","51","53",
"USC00311677","CHAPEL HILL 2 W, NC US","2018-04-27","0.37",,,"73","53","56",
"USC00311677","CHAPEL HILL 2 W, NC US","2018-04-28","0.00",,,"73","49","52",
"USC00311677","CHAPEL HILL 2 W, NC US","2018-04-29","0.00",,,"79","48","50",
"USC00311677","CHAPEL HILL 2 W, NC US","2018-04-30","0.00","0.0",,"68","38","38",
"USC00311677","CHAPEL HILL 2 W, NC US","2018-05-01","0.00",,,"72","37","44",
"USC00311677","CHAPEL HILL 2 W, NC US","2018-05-02","0.00",,,"84","44","57",
"USC00311677","CHAPEL HILL 2 W, NC US","2018-05-03","0.00",,,"86","57","58",
"USC00311677","CHAPEL HILL 2 W, NC US","2018-05-04","0.00",,,"85","58","59",
"USC00311677","CHAPEL HILL 2 W, NC US","2018-05-05","0.00","0.0","0.0","86","58","63",
"USC00311677","CHAPEL HILL 2 W, NC US","2018-05-06","0.00","0.0","0.0","81","61","63",
"USC00311677","CHAPEL HILL 2 W, NC US","2018-05-07","0.33",,,"82","58","59",
"USC00311677","CHAPEL HILL 2 W, NC US","2018-05-08","0.00",,,"74","52","55",
"USC00311677","CHAPEL HILL 2 W, NC US","2018-05-09","0.00",,,"77","51","51",
"USC00311677","CHAPEL HILL 2 W, NC US","2018-05-10","0.00","0.0","0.0","80","50","58",
"USC00311677","CHAPEL HILL 2 W, NC US","2018-05-12","0.00","0.0",,"90","60","68",
"USC00311677","CHAPEL HILL 2 W, NC US","2018-05-13","0.00","0.0",,"93","67","69",
"USC00311677","CHAPEL HILL 2 W, NC US","2018-05-15","0.00","0.0","0.0","92","69","69",
"USC00311677","CHAPEL HILL 2 W, NC US","2018-05-16","0.02","0.0","0.0","86","68","69",
"USC00311677","CHAPEL HILL 2 W, NC US","2018-05-17","0.84","0.0",,"85","68","69",
"USC00311677","CHAPEL HILL 2 W, NC US","2018-05-18","0.38","0.0",,"78","68","71",
"USC00311677","CHAPEL HILL 2 W, NC US","2018-05-19","0.25","0.0",,"82","69","69",
"USC00311677","CHAPEL HILL 2 W, NC US","2018-05-20","0.32",,,"75","69","70",
"USC00311677","CHAPEL HILL 2 W, NC US","2018-05-21","0.00","0.0","0.0","85","67","68",
"USC00311677","CHAPEL HILL 2 W, NC US","2018-05-22","1.53","0.0",,"84","67","67",
"USC00311677","CHAPEL HILL 2 W, NC US","2018-05-23","0.05",,,"85","67","69",
"USC00311677","CHAPEL HILL 2 W, NC US","2018-05-24","0.41",,,"87","69","69",
"USC00311677","CHAPEL HILL 2 W, NC US","2018-05-25","0.00",,,"85","66","68",
"USC00311677","CHAPEL HILL 2 W, NC US","2018-05-26","0.00",,,"85","68","70",
"USC00311677","CHAPEL HILL 2 W, NC US","2018-05-28","0.00","0.0",,"87","70","70",
"USC00311677","CHAPEL HILL 2 W, NC US","2018-05-29","1.12",,,"77","68","69",
"USC00311677","CHAPEL HILL 2 W, NC US","2018-05-30","0.06",,,"80","69","72",
"USC00311677","CHAPEL HILL 2 W, NC US","2018-05-31","0.07",,,"86","71","71",
"USC00311677","CHAPEL HILL 2 W, NC US","2018-06-01","0.00","0.0","0.0","86","68","68",
"USC00311677","CHAPEL HILL 2 W, NC US","2018-06-02","0.02","0.0","0.0","92","67","67",
"USC00311677","CHAPEL HILL 2 W, NC US","2018-06-03","0.14","0.0","0.0","87","67","68",
"USC00311677","CHAPEL HILL 2 W, NC US","2018-06-04","0.00",,,"89","66","66",
"USC00311677","CHAPEL HILL 2 W, NC US","2018-06-05","0.00",,,"85","58","59",
"USC00311677","CHAPEL HILL 2 W, NC US","2018-06-06","0.00",,,"82","59","61",
"USC00311677","CHAPEL HILL 2 W, NC US","2018-06-07","0.00","0.0","0.0","87","60","64",
"USC00311677","CHAPEL HILL 2 W, NC US","2018-06-08","0.00","0.0","0.0","85","64","68",
"USC00311677","CHAPEL HILL 2 W, NC US","2018-06-09","0.00","0.0",,"89","68","68",
"USC00311677","CHAPEL HILL 2 W, NC US","2018-06-10","0.00","0.0",,"89","68","68",
"USC00311677","CHAPEL HILL 2 W, NC US","2018-06-11","0.65","0.0",,"91","68","68",
"USC00311677","CHAPEL HILL 2 W, NC US","2018-06-12","0.06","0.0",,"86","62","62",
"USC00311677","CHAPEL HILL 2 W, NC US","2018-06-13","0.02","0.0",,"70","62","67",
"USC00311677","CHAPEL HILL 2 W, NC US","2018-06-14","0.00","0.0",,"86","67","72",
"USC00311677","CHAPEL HILL 2 W, NC US","2018-06-16","0.00",,,"87","66","66",
"USC00311677","CHAPEL HILL 2 W, NC US","2018-06-17","0.00","0.0","0.0","89","66","74",
"USC00311677","CHAPEL HILL 2 W, NC US","2018-06-18","0.00","0.0","0.0","93","73","74",
"USC00311677","CHAPEL HILL 2 W, NC US","2018-06-19","0.00","0.0",,"94","74","74",
"USC00311677","CHAPEL HILL 2 W, NC US","2018-06-20","0.00","0.0",,"96","73","74",
"USC00311677","CHAPEL HILL 2 W, NC US","2018-06-22","0.01",,,"91","72","72",
"USC00311677","CHAPEL HILL 2 W, NC US","2018-06-23","0.00",,,"94","72","74",
"USC00311677","CHAPEL HILL 2 W, NC US","2018-06-24","0.00","0.0",,"91","73","73",
